timestamp,log_level,endpoint,status_code,latency_ms
2026-09-13 00:00:00,WARN,/api/products,400,581
2026-09-13 00:00:02,INFO,/api/products,201,166
2026-09-13 00:00:04,INFO,/api/payment,200,102
2026-09-13 00:00:06,WARN,/api/payment,404,177
2026-09-13 00:00:08,WARN,/api/cart,404,149
2026-09-13 00:00:10,WARN,/api/logout,400,448
2026-09-13 00:00:12,INFO,/api/login,200,585
2026-09-13 00:00:14,WARN,/api/payment,400,155
2026-09-13 00:00:16,ERROR,/api/cart,500,533
2026-09-13 00:00:18,ERROR,/api/products,500,391
2026-09-13 00:00:20,INFO,/api/login,200,292
2026-09-13 00:00:22,ERROR,/api/cart,500,160
2026-09-13 00:00:24,INFO,/api/login,201,187
2026-09-13 00:00:26,WARN,/api/products,404,99
2026-09-13 00:00:28,WARN,/api/login,404,381
2026-09-13 00:00:30,INFO,/api/login,200,425
2026-09-13 00:00:32,INFO,/api/login,200,393
2026-09-13 00:00:34,WARN,/api/cart,404,256
2026-09-13 00:00:36,WARN,/api/products,404,63
2026-09-13 00:00:38,INFO,/api/products,200,204
2026-09-13 00:00:40,INFO,/api/login,200,285
2026-09-13 00:00:42,ERROR,/api/payment,500,523
2026-09-13 00:00:44,INFO,/api/logout,200,140
2026-09-13 00:00:46,WARN,/api/logout,404,243
2026-09-13 00:00:48,WARN,/api/logout,404,516
2026-09-13 00:00:50,ERROR,/api/logout,500,364
2026-09-13 00:00:52,INFO,/api/logout,200,368
2026-09-13 00:00:54,ERROR,/api/payment,500,337
2026-09-13 00:00:56,WARN,/api/products,400,388
2026-09-13 00:00:58,INFO,/api/login,200,229
2026-09-13 00:01:00,ERROR,/api/logout,500,294
2026-09-13 00:01:02,WARN,/api/products,400,147
2026-09-13 00:01:04,INFO,/api/products,200,344
2026-09-13 00:01:06,INFO,/api/logout,200,502
2026-09-13 00:01:08,ERROR,/api/products,500,181
2026-09-13 00:01:10,INFO,/api/payment,200,72
2026-09-13 00:01:12,INFO,/api/payment,200,212
2026-09-13 00:01:14,INFO,/api/products,200,503
2026-09-13 00:01:16,INFO,/api/products,200,169
2026-09-13 00:01:18,INFO,/api/payment,201,446
2026-09-13 00:01:20,INFO,/api/payment,200,499
2026-09-13 00:01:22,ERROR,/api/logout,500,228
2026-09-13 00:01:24,ERROR,/api/products,500,127
2026-09-13 00:01:26,INFO,/api/login,200,563
2026-09-13 00:01:28,WARN,/api/cart,400,549
2026-09-13 00:01:30,INFO,/api/cart,200,59
2026-09-13 00:01:32,WARN,/api/logout,400,481
2026-09-13 00:01:34,INFO,/api/cart,201,510
2026-09-13 00:01:36,WARN,/api/cart,404,394
2026-09-13 00:01:38,INFO,/api/cart,200,373
2026-09-13 00:01:40,INFO,/api/cart,201,475
2026-09-13 00:01:42,ERROR,/api/payment,500,109
2026-09-13 00:01:44,WARN,/api/cart,400,68
2026-09-13 00:01:46,INFO,/api/logout,201,268
2026-09-13 00:01:48,WARN,/api/logout,400,555
2026-09-13 00:01:50,WARN,/api/payment,400,486
2026-09-13 00:01:52,INFO,/api/login,201,338
2026-09-13 00:01:54,WARN,/api/payment,400,198
2026-09-13 00:01:56,WARN,/api/products,400,259
2026-09-13 00:01:58,WARN,/api/products,400,433
2026-09-13 00:02:00,INFO,/api/products,200,243
2026-09-13 00:02:02,INFO,/api/login,200,435
2026-09-13 00:02:04,INFO,/api/cart,200,106
2026-09-13 00:02:06,INFO,/api/login,200,310
2026-09-13 00:02:08,INFO,/api/products,200,502
2026-09-13 00:02:10,INFO,/api/products,200,156
2026-09-13 00:02:12,WARN,/api/cart,400,50
2026-09-13 00:02:14,INFO,/api/payment,200,135
2026-09-13 00:02:16,INFO,/api/login,201,358
2026-09-13 00:02:18,INFO,/api/login,200,301
2026-09-13 00:02:20,INFO,/api/cart,200,235
2026-09-13 00:02:22,WARN,/api/cart,400,60
2026-09-13 00:02:24,INFO,/api/login,200,306
2026-09-13 00:02:26,INFO,/api/logout,200,174
2026-09-13 00:02:28,WARN,/api/login,404,354
2026-09-13 00:02:30,ERROR,/api/login,500,260
2026-09-13 00:02:32,INFO,/api/logout,200,421
2026-09-13 00:02:34,WARN,/api/products,400,160
2026-09-13 00:02:36,ERROR,/api/login,500,510
2026-09-13 00:02:38,WARN,/api/cart,404,312
2026-09-13 00:02:40,INFO,/api/login,200,111
2026-09-13 00:02:42,INFO,/api/payment,200,584
2026-09-13 00:02:44,ERROR,/api/payment,500,50
2026-09-13 00:02:46,INFO,/api/products,201,126
2026-09-13 00:02:48,WARN,/api/products,404,78
2026-09-13 00:02:50,INFO,/api/logout,200,553
2026-09-13 00:02:52,INFO,/api/login,201,593
2026-09-13 00:02:54,INFO,/api/login,200,309
2026-09-13 00:02:56,INFO,/api/products,201,284
2026-09-13 00:02:58,INFO,/api/products,200,280
2026-09-13 00:03:00,INFO,/api/logout,200,306
2026-09-13 00:03:02,INFO,/api/login,201,324
2026-09-13 00:03:04,INFO,/api/logout,200,431
2026-09-13 00:03:06,INFO,/api/cart,200,507
2026-09-13 00:03:08,INFO,/api/payment,200,297
2026-09-13 00:03:10,INFO,/api/logout,200,450
2026-09-13 00:03:12,WARN,/api/products,404,494
2026-09-13 00:03:14,WARN,/api/cart,400,334
2026-09-13 00:03:16,WARN,/api/logout,404,217
2026-09-13 00:03:18,INFO,/api/products,200,597
2026-09-13 00:03:20,ERROR,/api/logout,500,427
2026-09-13 00:03:22,WARN,/api/logout,400,362
2026-09-13 00:03:24,WARN,/api/login,404,469
2026-09-13 00:03:26,INFO,/api/cart,200,553
2026-09-13 00:03:28,INFO,/api/products,201,92
2026-09-13 00:03:30,ERROR,/api/products,500,423
2026-09-13 00:03:32,INFO,/api/logout,200,152
2026-09-13 00:03:34,WARN,/api/payment,404,553
2026-09-13 00:03:36,INFO,/api/products,200,404
2026-09-13 00:03:38,INFO,/api/login,200,193
2026-09-13 00:03:40,WARN,/api/logout,404,554
2026-09-13 00:03:42,WARN,/api/products,404,273
2026-09-13 00:03:44,WARN,/api/login,404,477
2026-09-13 00:03:46,WARN,/api/products,400,134
2026-09-13 00:03:48,INFO,/api/payment,200,387
2026-09-13 00:03:50,ERROR,/api/logout,500,562
2026-09-13 00:03:52,INFO,/api/login,200,101
2026-09-13 00:03:54,ERROR,/api/cart,500,81
2026-09-13 00:03:56,ERROR,/api/login,500,197
2026-09-13 00:03:58,WARN,/api/login,400,440
2026-09-13 00:04:00,INFO,/api/login,201,222
2026-09-13 00:04:02,INFO,/api/logout,200,389
2026-09-13 00:04:04,INFO,/api/products,200,255
2026-09-13 00:04:06,WARN,/api/logout,404,532
2026-09-13 00:04:08,INFO,/api/logout,200,414
2026-09-13 00:04:10,INFO,/api/login,200,273
2026-09-13 00:04:12,INFO,/api/cart,200,311
2026-09-13 00:04:14,INFO,/api/logout,200,221
2026-09-13 00:04:16,INFO,/api/payment,200,301
2026-09-13 00:04:18,INFO,/api/logout,200,124
2026-09-13 00:04:20,INFO,/api/login,201,246
2026-09-13 00:04:22,WARN,/api/cart,404,494
2026-09-13 00:04:24,INFO,/api/payment,200,276
2026-09-13 00:04:26,ERROR,/api/payment,500,95
2026-09-13 00:04:28,INFO,/api/products,201,111
2026-09-13 00:04:30,INFO,/api/login,200,560
2026-09-13 00:04:32,INFO,/api/products,200,121
2026-09-13 00:04:34,INFO,/api/payment,201,232
2026-09-13 00:04:36,WARN,/api/payment,400,56
2026-09-13 00:04:38,WARN,/api/logout,400,266
2026-09-13 00:04:40,ERROR,/api/logout,500,408
2026-09-13 00:04:42,INFO,/api/products,201,501
2026-09-13 00:04:44,INFO,/api/products,200,238
2026-09-13 00:04:46,INFO,/api/login,200,68
2026-09-13 00:04:48,INFO,/api/payment,201,304
2026-09-13 00:04:50,INFO,/api/cart,200,497
2026-09-13 00:04:52,INFO,/api/logout,200,523
2026-09-13 00:04:54,INFO,/api/login,200,81
2026-09-13 00:04:56,INFO,/api/login,200,114
2026-09-13 00:04:58,INFO,/api/logout,200,395
2026-09-13 00:05:00,INFO,/api/payment,201,306
2026-09-13 00:05:02,INFO,/api/cart,200,445
2026-09-13 00:05:04,INFO,/api/logout,200,519
2026-09-13 00:05:06,INFO,/api/payment,200,471
2026-09-13 00:05:08,INFO,/api/payment,200,547
2026-09-13 00:05:10,INFO,/api/cart,200,401
2026-09-13 00:05:12,ERROR,/api/login,500,404
2026-09-13 00:05:14,INFO,/api/payment,200,207
2026-09-13 00:05:16,ERROR,/api/products,500,257
2026-09-13 00:05:18,INFO,/api/payment,200,228
2026-09-13 00:05:20,ERROR,/api/cart,500,105
2026-09-13 00:05:22,INFO,/api/login,200,441
2026-09-13 00:05:24,INFO,/api/payment,200,191
2026-09-13 00:05:26,WARN,/api/products,400,547
2026-09-13 00:05:28,INFO,/api/cart,200,362
2026-09-13 00:05:30,INFO,/api/payment,200,194
2026-09-13 00:05:32,WARN,/api/payment,400,395
2026-09-13 00:05:34,INFO,/api/payment,200,535
2026-09-13 00:05:36,INFO,/api/login,201,439
2026-09-13 00:05:38,INFO,/api/login,200,420
2026-09-13 00:05:40,WARN,/api/products,404,79
2026-09-13 00:05:42,INFO,/api/products,201,58
2026-09-13 00:05:44,WARN,/api/login,404,131
2026-09-13 00:05:46,INFO,/api/login,201,552
2026-09-13 00:05:48,WARN,/api/products,400,67
2026-09-13 00:05:50,INFO,/api/products,200,74
2026-09-13 00:05:52,INFO,/api/cart,200,350
2026-09-13 00:05:54,ERROR,/api/logout,500,501
2026-09-13 00:05:56,INFO,/api/login,200,386
2026-09-13 00:05:58,ERROR,/api/products,500,230
2026-09-13 00:06:00,INFO,/api/cart,200,224
2026-09-13 00:06:02,WARN,/api/login,400,597
2026-09-13 00:06:04,ERROR,/api/login,500,565
2026-09-13 00:06:06,INFO,/api/logout,200,458
2026-09-13 00:06:08,INFO,/api/payment,200,577
2026-09-13 00:06:10,INFO,/api/products,201,236
2026-09-13 00:06:12,INFO,/api/payment,200,397
2026-09-13 00:06:14,INFO,/api/login,200,302
2026-09-13 00:06:16,INFO,/api/login,200,158
2026-09-13 00:06:18,ERROR,/api/payment,500,181
2026-09-13 00:06:20,INFO,/api/logout,200,99
2026-09-13 00:06:22,INFO,/api/login,200,76
2026-09-13 00:06:24,INFO,/api/login,200,349
2026-09-13 00:06:26,INFO,/api/cart,201,122
2026-09-13 00:06:28,INFO,/api/login,200,400
2026-09-13 00:06:30,WARN,/api/logout,400,289
2026-09-13 00:06:32,INFO,/api/login,200,411
2026-09-13 00:06:34,INFO,/api/products,201,186
2026-09-13 00:06:36,INFO,/api/payment,200,317
2026-09-13 00:06:38,INFO,/api/products,200,493
2026-09-13 00:06:40,WARN,/api/login,400,226
2026-09-13 00:06:42,INFO,/api/login,200,217
2026-09-13 00:06:44,WARN,/api/logout,400,353
2026-09-13 00:06:46,ERROR,/api/payment,500,275
2026-09-13 00:06:48,INFO,/api/payment,201,138
2026-09-13 00:06:50,INFO,/api/login,201,265
2026-09-13 00:06:52,INFO,/api/payment,200,180
2026-09-13 00:06:54,WARN,/api/logout,400,254
2026-09-13 00:06:56,INFO,/api/payment,201,536
2026-09-13 00:06:58,INFO,/api/products,200,65
2026-09-13 00:07:00,INFO,/api/products,200,549
2026-09-13 00:07:02,WARN,/api/products,400,106
2026-09-13 00:07:04,ERROR,/api/payment,500,510
2026-09-13 00:07:06,INFO,/api/cart,200,590
2026-09-13 00:07:08,INFO,/api/login,200,196
2026-09-13 00:07:10,ERROR,/api/login,500,99
2026-09-13 00:07:12,INFO,/api/logout,200,152
2026-09-13 00:07:14,INFO,/api/payment,200,79
2026-09-13 00:07:16,INFO,/api/cart,200,227
2026-09-13 00:07:18,ERROR,/api/login,500,184
2026-09-13 00:07:20,INFO,/api/cart,200,478
2026-09-13 00:07:22,WARN,/api/cart,400,358
2026-09-13 00:07:24,INFO,/api/products,200,158
2026-09-13 00:07:26,WARN,/api/cart,400,362
2026-09-13 00:07:28,ERROR,/api/cart,500,135
2026-09-13 00:07:30,ERROR,/api/logout,500,585
2026-09-13 00:07:32,INFO,/api/payment,200,591
2026-09-13 00:07:34,INFO,/api/cart,200,313
2026-09-13 00:07:36,INFO,/api/logout,200,140
2026-09-13 00:07:38,ERROR,/api/logout,500,200
2026-09-13 00:07:40,INFO,/api/payment,200,510
2026-09-13 00:07:42,INFO,/api/login,200,88
2026-09-13 00:07:44,INFO,/api/login,200,493
2026-09-13 00:07:46,WARN,/api/cart,400,418
2026-09-13 00:07:48,INFO,/api/payment,200,514
2026-09-13 00:07:50,WARN,/api/payment,404,572
2026-09-13 00:07:52,INFO,/api/products,200,184
2026-09-13 00:07:54,INFO,/api/login,200,338
2026-09-13 00:07:56,INFO,/api/login,201,356
2026-09-13 00:07:58,WARN,/api/logout,400,195
2026-09-13 00:08:00,INFO,/api/products,201,485
2026-09-13 00:08:02,INFO,/api/products,200,239
2026-09-13 00:08:04,INFO,/api/logout,201,335
2026-09-13 00:08:06,INFO,/api/login,200,168
2026-09-13 00:08:08,ERROR,/api/payment,500,349
2026-09-13 00:08:10,INFO,/api/payment,201,309
2026-09-13 00:08:12,WARN,/api/payment,404,558
2026-09-13 00:08:14,INFO,/api/products,200,216
2026-09-13 00:08:16,INFO,/api/login,200,486
2026-09-13 00:08:18,INFO,/api/payment,200,113
2026-09-13 00:08:20,WARN,/api/logout,400,453
2026-09-13 00:08:22,INFO,/api/payment,200,471
2026-09-13 00:08:24,INFO,/api/products,200,476
2026-09-13 00:08:26,INFO,/api/logout,200,515
2026-09-13 00:08:28,WARN,/api/login,400,96
2026-09-13 00:08:30,ERROR,/api/login,500,66
2026-09-13 00:08:32,WARN,/api/login,404,488
2026-09-13 00:08:34,ERROR,/api/login,500,138
2026-09-13 00:08:36,WARN,/api/cart,404,324
2026-09-13 00:08:38,INFO,/api/login,200,517
2026-09-13 00:08:40,INFO,/api/logout,200,331
2026-09-13 00:08:42,INFO,/api/cart,200,310
2026-09-13 00:08:44,INFO,/api/payment,201,443
2026-09-13 00:08:46,INFO,/api/products,200,299
2026-09-13 00:08:48,WARN,/api/cart,404,456
2026-09-13 00:08:50,INFO,/api/cart,200,437
2026-09-13 00:08:52,INFO,/api/payment,200,178
2026-09-13 00:08:54,INFO,/api/logout,200,402
2026-09-13 00:08:56,ERROR,/api/login,500,583
2026-09-13 00:08:58,INFO,/api/products,200,391
2026-09-13 00:09:00,WARN,/api/cart,400,267
2026-09-13 00:09:02,INFO,/api/cart,201,407
2026-09-13 00:09:04,ERROR,/api/cart,500,487
2026-09-13 00:09:06,INFO,/api/login,200,504
2026-09-13 00:09:08,INFO,/api/payment,200,498
2026-09-13 00:09:10,WARN,/api/cart,400,331
2026-09-13 00:09:12,INFO,/api/cart,200,70
2026-09-13 00:09:14,ERROR,/api/cart,500,210
2026-09-13 00:09:16,INFO,/api/payment,200,157
2026-09-13 00:09:18,INFO,/api/login,200,384
2026-09-13 00:09:20,INFO,/api/login,200,141
2026-09-13 00:09:22,INFO,/api/products,201,389
2026-09-13 00:09:24,INFO,/api/payment,200,332
2026-09-13 00:09:26,ERROR,/api/payment,500,579
2026-09-13 00:09:28,INFO,/api/logout,200,320
2026-09-13 00:09:30,INFO,/api/logout,200,112
2026-09-13 00:09:32,INFO,/api/cart,200,124
2026-09-13 00:09:34,INFO,/api/logout,201,551
2026-09-13 00:09:36,INFO,/api/cart,201,556
2026-09-13 00:09:38,INFO,/api/products,200,373
2026-09-13 00:09:40,INFO,/api/products,200,161
2026-09-13 00:09:42,ERROR,/api/payment,500,317
2026-09-13 00:09:44,INFO,/api/logout,200,382
2026-09-13 00:09:46,ERROR,/api/cart,500,230
2026-09-13 00:09:48,WARN,/api/logout,400,514
2026-09-13 00:09:50,INFO,/api/products,200,209
2026-09-13 00:09:52,INFO,/api/cart,200,320
2026-09-13 00:09:54,WARN,/api/cart,404,200
2026-09-13 00:09:56,INFO,/api/logout,200,121
2026-09-13 00:09:58,WARN,/api/logout,400,479
2026-09-13 00:10:00,INFO,/api/cart,201,59
2026-09-13 00:10:02,INFO,/api/logout,200,277
2026-09-13 00:10:04,INFO,/api/login,200,477
2026-09-13 00:10:06,INFO,/api/login,200,525
2026-09-13 00:10:08,WARN,/api/cart,400,446
2026-09-13 00:10:10,ERROR,/api/login,500,481
2026-09-13 00:10:12,INFO,/api/products,201,366
2026-09-13 00:10:14,ERROR,/api/logout,500,377
2026-09-13 00:10:16,ERROR,/api/payment,500,219
2026-09-13 00:10:18,INFO,/api/login,200,220
2026-09-13 00:10:20,INFO,/api/payment,200,257
2026-09-13 00:10:22,INFO,/api/logout,201,264
2026-09-13 00:10:24,WARN,/api/logout,404,108
2026-09-13 00:10:26,INFO,/api/login,200,134
2026-09-13 00:10:28,INFO,/api/products,200,349
2026-09-13 00:10:30,INFO,/api/products,200,326
2026-09-13 00:10:32,WARN,/api/cart,400,494
2026-09-13 00:10:34,WARN,/api/products,404,342
2026-09-13 00:10:36,ERROR,/api/products,500,104
2026-09-13 00:10:38,ERROR,/api/products,500,152
2026-09-13 00:10:40,INFO,/api/cart,200,474
2026-09-13 00:10:42,INFO,/api/payment,200,546
2026-09-13 00:10:44,WARN,/api/cart,404,331
2026-09-13 00:10:46,INFO,/api/login,201,206
2026-09-13 00:10:48,INFO,/api/login,200,520
2026-09-13 00:10:50,ERROR,/api/products,500,590
2026-09-13 00:10:52,WARN,/api/login,404,535
2026-09-13 00:10:54,INFO,/api/products,200,194
2026-09-13 00:10:56,ERROR,/api/products,500,468
2026-09-13 00:10:58,INFO,/api/login,200,349
2026-09-13 00:11:00,WARN,/api/payment,404,103
2026-09-13 00:11:02,INFO,/api/logout,200,554
2026-09-13 00:11:04,INFO,/api/payment,200,328
2026-09-13 00:11:06,WARN,/api/login,400,404
2026-09-13 00:11:08,WARN,/api/products,400,561
2026-09-13 00:11:10,WARN,/api/login,400,477
2026-09-13 00:11:12,WARN,/api/cart,404,386
2026-09-13 00:11:14,WARN,/api/logout,404,157
2026-09-13 00:11:16,ERROR,/api/payment,500,442
2026-09-13 00:11:18,INFO,/api/login,200,331
2026-09-13 00:11:20,INFO,/api/products,200,382
2026-09-13 00:11:22,ERROR,/api/cart,500,514
2026-09-13 00:11:24,INFO,/api/products,201,129
2026-09-13 00:11:26,ERROR,/api/payment,500,232
2026-09-13 00:11:28,INFO,/api/payment,201,347
2026-09-13 00:11:30,WARN,/api/products,400,413
2026-09-13 00:11:32,INFO,/api/payment,201,574
2026-09-13 00:11:34,INFO,/api/cart,200,169
2026-09-13 00:11:36,INFO,/api/payment,201,315
2026-09-13 00:11:38,INFO,/api/cart,200,598
2026-09-13 00:11:40,INFO,/api/products,200,362
2026-09-13 00:11:42,ERROR,/api/cart,500,306
2026-09-13 00:11:44,WARN,/api/payment,404,360
2026-09-13 00:11:46,INFO,/api/cart,200,522
2026-09-13 00:11:48,INFO,/api/cart,200,506
2026-09-13 00:11:50,INFO,/api/cart,200,499
2026-09-13 00:11:52,INFO,/api/products,200,406
2026-09-13 00:11:54,INFO,/api/logout,200,134
2026-09-13 00:11:56,INFO,/api/cart,200,250
2026-09-13 00:11:58,WARN,/api/cart,404,372
2026-09-13 00:12:00,INFO,/api/cart,201,531
2026-09-13 00:12:02,INFO,/api/login,200,168
2026-09-13 00:12:04,INFO,/api/products,200,574
2026-09-13 00:12:06,ERROR,/api/cart,500,363
2026-09-13 00:12:08,WARN,/api/products,404,209
2026-09-13 00:12:10,INFO,/api/logout,200,239
2026-09-13 00:12:12,INFO,/api/logout,200,594
2026-09-13 00:12:14,WARN,/api/payment,404,234
2026-09-13 00:12:16,INFO,/api/payment,200,500
2026-09-13 00:12:18,INFO,/api/payment,200,302
2026-09-13 00:12:20,WARN,/api/cart,400,417
2026-09-13 00:12:22,INFO,/api/logout,200,425
2026-09-13 00:12:24,INFO,/api/logout,200,519
2026-09-13 00:12:26,WARN,/api/login,404,252
2026-09-13 00:12:28,WARN,/api/login,400,170
2026-09-13 00:12:30,ERROR,/api/login,500,498
2026-09-13 00:12:32,INFO,/api/logout,200,505
2026-09-13 00:12:34,INFO,/api/payment,200,422
2026-09-13 00:12:36,INFO,/api/payment,201,477
2026-09-13 00:12:38,INFO,/api/products,201,428
2026-09-13 00:12:40,INFO,/api/login,200,236
2026-09-13 00:12:42,ERROR,/api/cart,500,504
2026-09-13 00:12:44,INFO,/api/cart,201,590
2026-09-13 00:12:46,INFO,/api/login,200,91
2026-09-13 00:12:48,INFO,/api/products,200,506
2026-09-13 00:12:50,INFO,/api/products,200,391
2026-09-13 00:12:52,INFO,/api/logout,201,568
2026-09-13 00:12:54,INFO,/api/products,201,457
2026-09-13 00:12:56,INFO,/api/payment,200,243
2026-09-13 00:12:58,INFO,/api/login,200,226
2026-09-13 00:13:00,INFO,/api/logout,200,172
2026-09-13 00:13:02,INFO,/api/login,201,580
2026-09-13 00:13:04,INFO,/api/logout,200,179
2026-09-13 00:13:06,INFO,/api/login,200,129
2026-09-13 00:13:08,INFO,/api/cart,200,58
2026-09-13 00:13:10,INFO,/api/products,201,156
2026-09-13 00:13:12,WARN,/api/login,400,590
2026-09-13 00:13:14,WARN,/api/payment,400,524
2026-09-13 00:13:16,INFO,/api/logout,200,96
2026-09-13 00:13:18,INFO,/api/login,200,287
2026-09-13 00:13:20,ERROR,/api/cart,500,595
2026-09-13 00:13:22,WARN,/api/products,400,82
2026-09-13 00:13:24,INFO,/api/login,201,76
2026-09-13 00:13:26,INFO,/api/cart,200,59
2026-09-13 00:13:28,INFO,/api/logout,200,240
2026-09-13 00:13:30,INFO,/api/cart,200,553
2026-09-13 00:13:32,INFO,/api/logout,200,140
2026-09-13 00:13:34,INFO,/api/payment,200,318
2026-09-13 00:13:36,INFO,/api/payment,200,265
2026-09-13 00:13:38,INFO,/api/payment,200,530
2026-09-13 00:13:40,WARN,/api/cart,400,171
2026-09-13 00:13:42,INFO,/api/login,200,378
2026-09-13 00:13:44,INFO,/api/login,200,465
2026-09-13 00:13:46,ERROR,/api/login,500,348
2026-09-13 00:13:48,INFO,/api/products,200,535
2026-09-13 00:13:50,INFO,/api/logout,200,62
2026-09-13 00:13:52,INFO,/api/logout,200,224
2026-09-13 00:13:54,INFO,/api/logout,200,569
2026-09-13 00:13:56,WARN,/api/payment,400,559
2026-09-13 00:13:58,INFO,/api/logout,200,288
2026-09-13 00:14:00,ERROR,/api/cart,500,326
2026-09-13 00:14:02,WARN,/api/login,404,501
2026-09-13 00:14:04,INFO,/api/payment,201,384
2026-09-13 00:14:06,INFO,/api/cart,200,131
2026-09-13 00:14:08,WARN,/api/products,400,422
2026-09-13 00:14:10,INFO,/api/products,201,312
2026-09-13 00:14:12,INFO,/api/logout,200,578
2026-09-13 00:14:14,INFO,/api/logout,200,309
2026-09-13 00:14:16,INFO,/api/cart,200,202
2026-09-13 00:14:18,ERROR,/api/login,500,92
2026-09-13 00:14:20,INFO,/api/login,201,160
2026-09-13 00:14:22,INFO,/api/login,200,440
2026-09-13 00:14:24,WARN,/api/login,400,515
2026-09-13 00:14:26,INFO,/api/login,201,298
2026-09-13 00:14:28,INFO,/api/login,200,59
2026-09-13 00:14:30,WARN,/api/logout,400,172
2026-09-13 00:14:32,ERROR,/api/login,500,153
2026-09-13 00:14:34,INFO,/api/products,200,297
2026-09-13 00:14:36,WARN,/api/cart,404,163
2026-09-13 00:14:38,INFO,/api/products,200,265
2026-09-13 00:14:40,INFO,/api/payment,200,127
2026-09-13 00:14:42,WARN,/api/cart,404,101
2026-09-13 00:14:44,WARN,/api/cart,404,451
2026-09-13 00:14:46,WARN,/api/cart,400,411
2026-09-13 00:14:48,INFO,/api/products,200,560
2026-09-13 00:14:50,INFO,/api/payment,200,108
2026-09-13 00:14:52,INFO,/api/products,200,191
2026-09-13 00:14:54,WARN,/api/products,400,357
2026-09-13 00:14:56,INFO,/api/login,201,569
2026-09-13 00:14:58,ERROR,/api/products,500,62
2026-09-13 00:15:00,INFO,/api/logout,201,438
2026-09-13 00:15:02,WARN,/api/payment,400,359
2026-09-13 00:15:04,INFO,/api/login,200,268
2026-09-13 00:15:06,WARN,/api/payment,404,422
2026-09-13 00:15:08,WARN,/api/login,400,507
2026-09-13 00:15:10,WARN,/api/cart,404,346
2026-09-13 00:15:12,WARN,/api/login,404,414
2026-09-13 00:15:14,INFO,/api/login,200,223
2026-09-13 00:15:16,INFO,/api/logout,201,84
2026-09-13 00:15:18,INFO,/api/cart,201,289
2026-09-13 00:15:20,INFO,/api/payment,201,428
2026-09-13 00:15:22,INFO,/api/cart,201,264
2026-09-13 00:15:24,WARN,/api/payment,404,79
2026-09-13 00:15:26,ERROR,/api/logout,500,259
2026-09-13 00:15:28,WARN,/api/login,400,164
2026-09-13 00:15:30,INFO,/api/logout,201,360
2026-09-13 00:15:32,ERROR,/api/payment,500,305
2026-09-13 00:15:34,INFO,/api/payment,200,323
2026-09-13 00:15:36,WARN,/api/payment,404,209
2026-09-13 00:15:38,INFO,/api/products,200,187
2026-09-13 00:15:40,INFO,/api/logout,200,284
2026-09-13 00:15:42,ERROR,/api/payment,500,410
2026-09-13 00:15:44,INFO,/api/products,200,366
2026-09-13 00:15:46,WARN,/api/payment,404,271
2026-09-13 00:15:48,WARN,/api/products,400,570
2026-09-13 00:15:50,INFO,/api/payment,200,500
2026-09-13 00:15:52,INFO,/api/payment,200,53
2026-09-13 00:15:54,INFO,/api/login,200,393
2026-09-13 00:15:56,INFO,/api/logout,200,185
2026-09-13 00:15:58,ERROR,/api/products,500,54
2026-09-13 00:16:00,ERROR,/api/logout,500,68
2026-09-13 00:16:02,INFO,/api/logout,201,178
2026-09-13 00:16:04,ERROR,/api/payment,500,381
2026-09-13 00:16:06,INFO,/api/cart,201,365
2026-09-13 00:16:08,WARN,/api/cart,400,492
2026-09-13 00:16:10,INFO,/api/login,200,194
2026-09-13 00:16:12,ERROR,/api/login,500,566
2026-09-13 00:16:14,ERROR,/api/payment,500,353
2026-09-13 00:16:16,INFO,/api/products,200,485
2026-09-13 00:16:18,INFO,/api/login,200,193
2026-09-13 00:16:20,INFO,/api/cart,200,221
2026-09-13 00:16:22,INFO,/api/cart,200,585
2026-09-13 00:16:24,WARN,/api/login,404,251
2026-09-13 00:16:26,INFO,/api/payment,201,136
2026-09-13 00:16:28,INFO,/api/logout,200,273
2026-09-13 00:16:30,INFO,/api/login,200,52
2026-09-13 00:16:32,INFO,/api/login,201,181
2026-09-13 00:16:34,WARN,/api/logout,400,591
2026-09-13 00:16:36,INFO,/api/login,200,181
2026-09-13 00:16:38,ERROR,/api/login,500,107
2026-09-13 00:16:40,INFO,/api/products,200,320
2026-09-13 00:16:42,INFO,/api/logout,200,103
2026-09-13 00:16:44,INFO,/api/cart,200,432
2026-09-13 00:16:46,INFO,/api/cart,200,133
2026-09-13 00:16:48,WARN,/api/logout,400,163
2026-09-13 00:16:50,INFO,/api/logout,200,163
2026-09-13 00:16:52,INFO,/api/payment,200,458
2026-09-13 00:16:54,ERROR,/api/products,500,454
2026-09-13 00:16:56,INFO,/api/logout,201,177
2026-09-13 00:16:58,ERROR,/api/logout,500,124
2026-09-13 00:17:00,INFO,/api/login,200,352
2026-09-13 00:17:02,INFO,/api/login,200,111
2026-09-13 00:17:04,INFO,/api/cart,200,535
2026-09-13 00:17:06,INFO,/api/payment,200,238
2026-09-13 00:17:08,INFO,/api/cart,201,498
2026-09-13 00:17:10,INFO,/api/payment,201,215
2026-09-13 00:17:12,WARN,/api/cart,404,346
2026-09-13 00:17:14,WARN,/api/login,404,106
2026-09-13 00:17:16,WARN,/api/products,400,295
2026-09-13 00:17:18,INFO,/api/logout,200,417
2026-09-13 00:17:20,INFO,/api/login,200,550
2026-09-13 00:17:22,INFO,/api/logout,200,309
2026-09-13 00:17:24,INFO,/api/logout,200,494
2026-09-13 00:17:26,INFO,/api/login,200,151
2026-09-13 00:17:28,WARN,/api/cart,404,123
2026-09-13 00:17:30,INFO,/api/cart,200,338
2026-09-13 00:17:32,INFO,/api/login,200,507
2026-09-13 00:17:34,ERROR,/api/payment,500,111
2026-09-13 00:17:36,WARN,/api/products,400,285
2026-09-13 00:17:38,ERROR,/api/cart,500,157
2026-09-13 00:17:40,INFO,/api/logout,200,405
2026-09-13 00:17:42,INFO,/api/login,200,125
2026-09-13 00:17:44,ERROR,/api/cart,500,493
2026-09-13 00:17:46,INFO,/api/cart,200,171
2026-09-13 00:17:48,INFO,/api/products,200,173
2026-09-13 00:17:50,INFO,/api/login,200,383
2026-09-13 00:17:52,INFO,/api/products,200,191
2026-09-13 00:17:54,INFO,/api/products,200,385
2026-09-13 00:17:56,ERROR,/api/products,500,166
2026-09-13 00:17:58,INFO,/api/logout,200,349
2026-09-13 00:18:00,INFO,/api/payment,200,450
2026-09-13 00:18:02,INFO,/api/cart,200,185
2026-09-13 00:18:04,INFO,/api/products,200,166
2026-09-13 00:18:06,WARN,/api/products,400,426
2026-09-13 00:18:08,INFO,/api/login,201,525
2026-09-13 00:18:10,WARN,/api/cart,400,99
2026-09-13 00:18:12,WARN,/api/login,400,507
2026-09-13 00:18:14,ERROR,/api/logout,500,394
2026-09-13 00:18:16,INFO,/api/cart,200,102
2026-09-13 00:18:18,ERROR,/api/logout,500,481
2026-09-13 00:18:20,ERROR,/api/payment,500,456
2026-09-13 00:18:22,INFO,/api/products,200,600
2026-09-13 00:18:24,INFO,/api/cart,200,473
2026-09-13 00:18:26,ERROR,/api/logout,500,132
2026-09-13 00:18:28,INFO,/api/logout,200,368
2026-09-13 00:18:30,INFO,/api/login,200,105
2026-09-13 00:18:32,INFO,/api/login,200,562
2026-09-13 00:18:34,INFO,/api/payment,200,196
2026-09-13 00:18:36,WARN,/api/login,400,74
2026-09-13 00:18:38,INFO,/api/payment,200,472
2026-09-13 00:18:40,WARN,/api/products,404,301
2026-09-13 00:18:42,WARN,/api/payment,400,430
2026-09-13 00:18:44,WARN,/api/logout,400,130
2026-09-13 00:18:46,WARN,/api/payment,404,465
2026-09-13 00:18:48,INFO,/api/payment,200,129
2026-09-13 00:18:50,WARN,/api/payment,400,222
2026-09-13 00:18:52,INFO,/api/logout,200,179
2026-09-13 00:18:54,ERROR,/api/login,500,189
2026-09-13 00:18:56,INFO,/api/login,200,401
2026-09-13 00:18:58,INFO,/api/logout,201,313
2026-09-13 00:19:00,WARN,/api/cart,400,192
2026-09-13 00:19:02,INFO,/api/products,200,494
2026-09-13 00:19:04,WARN,/api/cart,404,341
2026-09-13 00:19:06,WARN,/api/products,404,305
2026-09-13 00:19:08,ERROR,/api/products,500,446
2026-09-13 00:19:10,INFO,/api/login,200,73
2026-09-13 00:19:12,ERROR,/api/payment,500,565
2026-09-13 00:19:14,INFO,/api/logout,200,290
2026-09-13 00:19:16,INFO,/api/cart,200,529
2026-09-13 00:19:18,INFO,/api/products,201,159
2026-09-13 00:19:20,INFO,/api/logout,200,350
2026-09-13 00:19:22,INFO,/api/login,200,374
2026-09-13 00:19:24,INFO,/api/payment,200,181
2026-09-13 00:19:26,INFO,/api/login,200,139
2026-09-13 00:19:28,INFO,/api/products,200,159
2026-09-13 00:19:30,INFO,/api/payment,201,555
2026-09-13 00:19:32,WARN,/api/logout,400,536
2026-09-13 00:19:34,WARN,/api/logout,404,373
2026-09-13 00:19:36,INFO,/api/login,200,411
2026-09-13 00:19:38,INFO,/api/login,200,128
2026-09-13 00:19:40,WARN,/api/payment,400,158
2026-09-13 00:19:42,INFO,/api/login,200,222
2026-09-13 00:19:44,WARN,/api/products,400,478
2026-09-13 00:19:46,WARN,/api/payment,404,287
2026-09-13 00:19:48,INFO,/api/login,200,483
2026-09-13 00:19:50,INFO,/api/cart,200,180
2026-09-13 00:19:52,WARN,/api/products,404,239
2026-09-13 00:19:54,ERROR,/api/cart,500,510
2026-09-13 00:19:56,INFO,/api/logout,200,284
2026-09-13 00:19:58,INFO,/api/products,200,217
2026-09-13 00:20:00,INFO,/api/products,200,435
2026-09-13 00:20:02,INFO,/api/products,201,427
2026-09-13 00:20:04,INFO,/api/cart,200,346
2026-09-13 00:20:06,INFO,/api/logout,200,599
2026-09-13 00:20:08,INFO,/api/products,200,402
2026-09-13 00:20:10,INFO,/api/payment,201,219
2026-09-13 00:20:12,INFO,/api/cart,201,240
2026-09-13 00:20:14,INFO,/api/payment,200,489
2026-09-13 00:20:16,WARN,/api/products,404,74
2026-09-13 00:20:18,ERROR,/api/cart,500,107
2026-09-13 00:20:20,INFO,/api/login,200,408
2026-09-13 00:20:22,INFO,/api/products,200,221
2026-09-13 00:20:24,INFO,/api/products,200,151
2026-09-13 00:20:26,WARN,/api/cart,400,288
2026-09-13 00:20:28,INFO,/api/products,200,187
2026-09-13 00:20:30,WARN,/api/products,400,594
2026-09-13 00:20:32,WARN,/api/login,404,269
2026-09-13 00:20:34,INFO,/api/logout,200,100
2026-09-13 00:20:36,INFO,/api/login,200,494
2026-09-13 00:20:38,WARN,/api/logout,404,451
2026-09-13 00:20:40,INFO,/api/login,200,144
2026-09-13 00:20:42,ERROR,/api/payment,500,169
2026-09-13 00:20:44,WARN,/api/payment,404,375
2026-09-13 00:20:46,INFO,/api/login,200,245
2026-09-13 00:20:48,INFO,/api/cart,200,388
2026-09-13 00:20:50,INFO,/api/products,200,324
2026-09-13 00:20:52,WARN,/api/payment,404,174
2026-09-13 00:20:54,WARN,/api/logout,400,204
2026-09-13 00:20:56,ERROR,/api/logout,500,313
2026-09-13 00:20:58,INFO,/api/logout,200,468
2026-09-13 00:21:00,INFO,/api/login,200,488
2026-09-13 00:21:02,WARN,/api/products,404,502
2026-09-13 00:21:04,ERROR,/api/logout,500,161
2026-09-13 00:21:06,WARN,/api/login,404,199
2026-09-13 00:21:08,ERROR,/api/payment,500,219
2026-09-13 00:21:10,INFO,/api/payment,200,299
2026-09-13 00:21:12,ERROR,/api/logout,500,570
2026-09-13 00:21:14,WARN,/api/cart,404,564
2026-09-13 00:21:16,INFO,/api/products,200,261
2026-09-13 00:21:18,ERROR,/api/login,500,145
2026-09-13 00:21:20,INFO,/api/logout,200,443
2026-09-13 00:21:22,INFO,/api/logout,200,86
2026-09-13 00:21:24,INFO,/api/payment,200,297
2026-09-13 00:21:26,ERROR,/api/login,500,596
2026-09-13 00:21:28,ERROR,/api/cart,500,283
2026-09-13 00:21:30,ERROR,/api/products,500,565
2026-09-13 00:21:32,WARN,/api/payment,400,343
2026-09-13 00:21:34,INFO,/api/login,200,295
2026-09-13 00:21:36,INFO,/api/payment,200,413
2026-09-13 00:21:38,INFO,/api/payment,200,101
2026-09-13 00:21:40,INFO,/api/payment,200,135
2026-09-13 00:21:42,INFO,/api/payment,200,323
2026-09-13 00:21:44,INFO,/api/login,200,122
2026-09-13 00:21:46,INFO,/api/cart,200,146
2026-09-13 00:21:48,INFO,/api/login,200,351
2026-09-13 00:21:50,INFO,/api/payment,201,182
2026-09-13 00:21:52,ERROR,/api/login,500,395
2026-09-13 00:21:54,ERROR,/api/cart,500,57
2026-09-13 00:21:56,INFO,/api/cart,200,331
2026-09-13 00:21:58,ERROR,/api/cart,500,78
2026-09-13 00:22:00,WARN,/api/logout,400,514
2026-09-13 00:22:02,INFO,/api/logout,200,195
2026-09-13 00:22:04,INFO,/api/products,201,321
2026-09-13 00:22:06,ERROR,/api/cart,500,276
2026-09-13 00:22:08,WARN,/api/payment,400,283
2026-09-13 00:22:10,INFO,/api/products,200,415
2026-09-13 00:22:12,INFO,/api/products,200,484
2026-09-13 00:22:14,INFO,/api/products,200,334
2026-09-13 00:22:16,WARN,/api/cart,404,596
2026-09-13 00:22:18,INFO,/api/logout,200,258
2026-09-13 00:22:20,INFO,/api/cart,200,301
2026-09-13 00:22:22,INFO,/api/products,200,581
2026-09-13 00:22:24,ERROR,/api/products,500,579
2026-09-13 00:22:26,ERROR,/api/products,500,377
2026-09-13 00:22:28,WARN,/api/cart,400,596
2026-09-13 00:22:30,WARN,/api/payment,400,504
2026-09-13 00:22:32,WARN,/api/payment,400,295
2026-09-13 00:22:34,WARN,/api/products,404,394
2026-09-13 00:22:36,INFO,/api/payment,200,296
2026-09-13 00:22:38,INFO,/api/products,201,260
2026-09-13 00:22:40,WARN,/api/login,404,255
2026-09-13 00:22:42,INFO,/api/cart,200,134
2026-09-13 00:22:44,INFO,/api/payment,200,296
2026-09-13 00:22:46,WARN,/api/login,404,584
2026-09-13 00:22:48,INFO,/api/login,201,224
2026-09-13 00:22:50,WARN,/api/login,404,418
2026-09-13 00:22:52,INFO,/api/products,200,296
2026-09-13 00:22:54,WARN,/api/login,400,97
2026-09-13 00:22:56,INFO,/api/products,200,62
2026-09-13 00:22:58,INFO,/api/products,200,548
2026-09-13 00:23:00,INFO,/api/cart,200,211
2026-09-13 00:23:02,INFO,/api/products,200,128
2026-09-13 00:23:04,INFO,/api/logout,200,107
2026-09-13 00:23:06,INFO,/api/cart,200,156
2026-09-13 00:23:08,WARN,/api/cart,404,140
2026-09-13 00:23:10,WARN,/api/products,400,410
2026-09-13 00:23:12,INFO,/api/products,201,430
2026-09-13 00:23:14,INFO,/api/products,200,557
2026-09-13 00:23:16,INFO,/api/logout,200,431
2026-09-13 00:23:18,INFO,/api/logout,200,572
2026-09-13 00:23:20,INFO,/api/cart,200,350
2026-09-13 00:23:22,WARN,/api/login,404,458
2026-09-13 00:23:24,WARN,/api/logout,400,547
2026-09-13 00:23:26,WARN,/api/logout,400,560
2026-09-13 00:23:28,WARN,/api/cart,400,578
2026-09-13 00:23:30,INFO,/api/logout,200,251
2026-09-13 00:23:32,INFO,/api/products,200,86
2026-09-13 00:23:34,INFO,/api/login,200,297
2026-09-13 00:23:36,INFO,/api/products,200,297
2026-09-13 00:23:38,INFO,/api/cart,200,63
2026-09-13 00:23:40,ERROR,/api/payment,500,226
2026-09-13 00:23:42,INFO,/api/logout,200,229
2026-09-13 00:23:44,INFO,/api/login,200,543
2026-09-13 00:23:46,WARN,/api/products,404,509
2026-09-13 00:23:48,ERROR,/api/cart,500,216
2026-09-13 00:23:50,INFO,/api/products,200,469
2026-09-13 00:23:52,WARN,/api/payment,400,475
2026-09-13 00:23:54,ERROR,/api/login,500,416
2026-09-13 00:23:56,INFO,/api/logout,200,346
2026-09-13 00:23:58,INFO,/api/login,201,316
2026-09-13 00:24:00,INFO,/api/products,200,139
2026-09-13 00:24:02,INFO,/api/products,200,402
2026-09-13 00:24:04,INFO,/api/cart,200,370
2026-09-13 00:24:06,INFO,/api/payment,201,85
2026-09-13 00:24:08,INFO,/api/cart,200,236
2026-09-13 00:24:10,INFO,/api/login,200,581
2026-09-13 00:24:12,ERROR,/api/logout,500,562
2026-09-13 00:24:14,WARN,/api/cart,404,113
2026-09-13 00:24:16,INFO,/api/payment,200,388
2026-09-13 00:24:18,INFO,/api/cart,200,502
2026-09-13 00:24:20,ERROR,/api/cart,500,320
2026-09-13 00:24:22,INFO,/api/login,200,466
2026-09-13 00:24:24,INFO,/api/logout,200,121
2026-09-13 00:24:26,INFO,/api/login,200,586
2026-09-13 00:24:28,WARN,/api/login,404,160
2026-09-13 00:24:30,INFO,/api/cart,200,149
2026-09-13 00:24:32,INFO,/api/products,200,97
2026-09-13 00:24:34,INFO,/api/login,200,288
2026-09-13 00:24:36,INFO,/api/login,200,476
2026-09-13 00:24:38,WARN,/api/login,404,255
2026-09-13 00:24:40,WARN,/api/login,400,447
2026-09-13 00:24:42,INFO,/api/login,200,356
2026-09-13 00:24:44,INFO,/api/products,200,375
2026-09-13 00:24:46,INFO,/api/cart,200,312
2026-09-13 00:24:48,INFO,/api/cart,200,420
2026-09-13 00:24:50,WARN,/api/cart,400,513
2026-09-13 00:24:52,INFO,/api/payment,200,133
2026-09-13 00:24:54,INFO,/api/cart,200,386
2026-09-13 00:24:56,INFO,/api/payment,200,537
2026-09-13 00:24:58,INFO,/api/cart,200,183
2026-09-13 00:25:00,INFO,/api/cart,200,383
2026-09-13 00:25:02,ERROR,/api/login,500,362
2026-09-13 00:25:04,INFO,/api/login,200,457
2026-09-13 00:25:06,INFO,/api/cart,200,89
2026-09-13 00:25:08,ERROR,/api/logout,500,57
2026-09-13 00:25:10,WARN,/api/login,404,126
2026-09-13 00:25:12,INFO,/api/login,201,354
2026-09-13 00:25:14,WARN,/api/cart,400,441
2026-09-13 00:25:16,INFO,/api/logout,200,415
2026-09-13 00:25:18,INFO,/api/products,200,181
2026-09-13 00:25:20,INFO,/api/cart,200,326
2026-09-13 00:25:22,ERROR,/api/payment,500,314
2026-09-13 00:25:24,INFO,/api/login,200,395
2026-09-13 00:25:26,INFO,/api/products,200,394
2026-09-13 00:25:28,WARN,/api/logout,400,573
2026-09-13 00:25:30,INFO,/api/login,201,405
2026-09-13 00:25:32,INFO,/api/logout,200,117
2026-09-13 00:25:34,WARN,/api/logout,400,471
2026-09-13 00:25:36,INFO,/api/logout,201,419
2026-09-13 00:25:38,INFO,/api/payment,200,110
2026-09-13 00:25:40,INFO,/api/products,200,122
2026-09-13 00:25:42,ERROR,/api/products,500,447
2026-09-13 00:25:44,ERROR,/api/logout,500,185
2026-09-13 00:25:46,INFO,/api/products,200,480
2026-09-13 00:25:48,INFO,/api/products,200,528
2026-09-13 00:25:50,INFO,/api/products,200,273
2026-09-13 00:25:52,WARN,/api/payment,404,182
2026-09-13 00:25:54,INFO,/api/cart,200,562
2026-09-13 00:25:56,ERROR,/api/login,500,160
2026-09-13 00:25:58,INFO,/api/cart,201,86
2026-09-13 00:26:00,INFO,/api/cart,200,178
2026-09-13 00:26:02,INFO,/api/logout,200,105
2026-09-13 00:26:04,WARN,/api/logout,404,580
2026-09-13 00:26:06,INFO,/api/products,200,347
2026-09-13 00:26:08,INFO,/api/login,200,467
2026-09-13 00:26:10,INFO,/api/products,201,165
2026-09-13 00:26:12,INFO,/api/login,201,329
2026-09-13 00:26:14,WARN,/api/cart,400,585
2026-09-13 00:26:16,INFO,/api/payment,200,240
2026-09-13 00:26:18,ERROR,/api/products,500,257
2026-09-13 00:26:20,WARN,/api/logout,400,443
2026-09-13 00:26:22,WARN,/api/login,404,301
2026-09-13 00:26:24,INFO,/api/payment,200,52
2026-09-13 00:26:26,WARN,/api/payment,400,250
2026-09-13 00:26:28,WARN,/api/payment,404,62
2026-09-13 00:26:30,INFO,/api/products,200,183
2026-09-13 00:26:32,INFO,/api/products,200,566
2026-09-13 00:26:34,WARN,/api/cart,400,186
2026-09-13 00:26:36,INFO,/api/cart,200,259
2026-09-13 00:26:38,ERROR,/api/cart,500,158
2026-09-13 00:26:40,INFO,/api/payment,200,206
2026-09-13 00:26:42,INFO,/api/cart,200,270
2026-09-13 00:26:44,INFO,/api/products,200,583
2026-09-13 00:26:46,INFO,/api/products,200,508
2026-09-13 00:26:48,INFO,/api/logout,201,202
2026-09-13 00:26:50,ERROR,/api/login,500,569
2026-09-13 00:26:52,INFO,/api/login,201,240
2026-09-13 00:26:54,INFO,/api/cart,200,522
2026-09-13 00:26:56,INFO,/api/cart,200,559
2026-09-13 00:26:58,INFO,/api/cart,200,469
2026-09-13 00:27:00,WARN,/api/payment,400,240
2026-09-13 00:27:02,WARN,/api/logout,400,345
2026-09-13 00:27:04,WARN,/api/logout,400,418
2026-09-13 00:27:06,INFO,/api/products,200,417
2026-09-13 00:27:08,WARN,/api/payment,404,332
2026-09-13 00:27:10,ERROR,/api/products,500,268
2026-09-13 00:27:12,INFO,/api/login,200,242
2026-09-13 00:27:14,ERROR,/api/logout,500,565
2026-09-13 00:27:16,INFO,/api/products,200,505
2026-09-13 00:27:18,INFO,/api/payment,200,57
2026-09-13 00:27:20,INFO,/api/payment,200,408
2026-09-13 00:27:22,ERROR,/api/cart,500,560
2026-09-13 00:27:24,INFO,/api/login,200,400
2026-09-13 00:27:26,ERROR,/api/products,500,236
2026-09-13 00:27:28,INFO,/api/products,200,65
2026-09-13 00:27:30,INFO,/api/products,201,378
2026-09-13 00:27:32,WARN,/api/products,400,165
2026-09-13 00:27:34,WARN,/api/cart,400,123
2026-09-13 00:27:36,WARN,/api/login,400,472
2026-09-13 00:27:38,WARN,/api/payment,404,589
2026-09-13 00:27:40,INFO,/api/payment,200,244
2026-09-13 00:27:42,INFO,/api/logout,200,577
2026-09-13 00:27:44,INFO,/api/payment,201,59
2026-09-13 00:27:46,INFO,/api/products,200,257
2026-09-13 00:27:48,INFO,/api/products,200,337
2026-09-13 00:27:50,WARN,/api/login,400,215
2026-09-13 00:27:52,ERROR,/api/payment,500,164
2026-09-13 00:27:54,INFO,/api/logout,200,89
2026-09-13 00:27:56,WARN,/api/products,400,75
2026-09-13 00:27:58,WARN,/api/products,404,50
2026-09-13 00:28:00,INFO,/api/login,201,270
2026-09-13 00:28:02,INFO,/api/products,201,600
2026-09-13 00:28:04,WARN,/api/login,404,299
2026-09-13 00:28:06,WARN,/api/payment,404,70
2026-09-13 00:28:08,WARN,/api/payment,400,592
2026-09-13 00:28:10,INFO,/api/cart,200,204
2026-09-13 00:28:12,WARN,/api/login,400,398
2026-09-13 00:28:14,WARN,/api/products,404,346
2026-09-13 00:28:16,INFO,/api/login,200,83
2026-09-13 00:28:18,INFO,/api/login,200,58
2026-09-13 00:28:20,INFO,/api/products,200,58
2026-09-13 00:28:22,WARN,/api/products,404,416
2026-09-13 00:28:24,ERROR,/api/login,500,153
2026-09-13 00:28:26,INFO,/api/products,200,165
2026-09-13 00:28:28,INFO,/api/cart,200,102
2026-09-13 00:28:30,ERROR,/api/logout,500,552
2026-09-13 00:28:32,INFO,/api/payment,200,525
2026-09-13 00:28:34,ERROR,/api/products,500,170
2026-09-13 00:28:36,INFO,/api/login,200,350
2026-09-13 00:28:38,ERROR,/api/payment,500,400
2026-09-13 00:28:40,INFO,/api/cart,200,582
2026-09-13 00:28:42,WARN,/api/login,404,589
2026-09-13 00:28:44,INFO,/api/payment,200,472
2026-09-13 00:28:46,INFO,/api/login,200,309
2026-09-13 00:28:48,INFO,/api/products,200,510
2026-09-13 00:28:50,INFO,/api/products,200,273
2026-09-13 00:28:52,WARN,/api/logout,404,290
2026-09-13 00:28:54,INFO,/api/payment,200,432
2026-09-13 00:28:56,INFO,/api/cart,200,110
2026-09-13 00:28:58,INFO,/api/cart,200,333
2026-09-13 00:29:00,INFO,/api/cart,200,551
2026-09-13 00:29:02,INFO,/api/payment,200,365
2026-09-13 00:29:04,INFO,/api/cart,200,517
2026-09-13 00:29:06,INFO,/api/logout,200,546
2026-09-13 00:29:08,INFO,/api/cart,200,439
2026-09-13 00:29:10,INFO,/api/products,201,482
2026-09-13 00:29:12,INFO,/api/logout,200,576
2026-09-13 00:29:14,INFO,/api/logout,200,353
2026-09-13 00:29:16,INFO,/api/cart,200,478
2026-09-13 00:29:18,ERROR,/api/payment,500,114
2026-09-13 00:29:20,INFO,/api/payment,200,74
2026-09-13 00:29:22,ERROR,/api/logout,500,120
2026-09-13 00:29:24,INFO,/api/products,201,582
2026-09-13 00:29:26,WARN,/api/logout,404,318
2026-09-13 00:29:28,WARN,/api/cart,404,455
2026-09-13 00:29:30,ERROR,/api/logout,500,431
2026-09-13 00:29:32,WARN,/api/payment,400,361
2026-09-13 00:29:34,INFO,/api/login,200,237
2026-09-13 00:29:36,INFO,/api/products,200,51
2026-09-13 00:29:38,WARN,/api/products,400,356
2026-09-13 00:29:40,INFO,/api/login,200,400
2026-09-13 00:29:42,WARN,/api/products,404,298
2026-09-13 00:29:44,INFO,/api/login,200,77
2026-09-13 00:29:46,WARN,/api/logout,400,244
2026-09-13 00:29:48,WARN,/api/products,404,277
2026-09-13 00:29:50,INFO,/api/login,200,335
2026-09-13 00:29:52,INFO,/api/products,200,213
2026-09-13 00:29:54,ERROR,/api/products,500,129
2026-09-13 00:29:56,INFO,/api/payment,200,530
2026-09-13 00:29:58,WARN,/api/login,404,136
2026-09-13 00:30:00,INFO,/api/login,200,157
2026-09-13 00:30:02,INFO,/api/logout,200,416
2026-09-13 00:30:04,INFO,/api/cart,201,491
2026-09-13 00:30:06,INFO,/api/products,200,99
2026-09-13 00:30:08,WARN,/api/logout,400,286
2026-09-13 00:30:10,INFO,/api/payment,200,106
2026-09-13 00:30:12,WARN,/api/payment,404,527
2026-09-13 00:30:14,WARN,/api/payment,404,488
2026-09-13 00:30:16,WARN,/api/logout,400,196
2026-09-13 00:30:18,INFO,/api/payment,201,279
2026-09-13 00:30:20,INFO,/api/products,200,242
2026-09-13 00:30:22,INFO,/api/cart,200,312
2026-09-13 00:30:24,INFO,/api/products,200,228
2026-09-13 00:30:26,INFO,/api/cart,200,207
2026-09-13 00:30:28,INFO,/api/login,200,562
2026-09-13 00:30:30,WARN,/api/login,404,563
2026-09-13 00:30:32,INFO,/api/cart,200,445
2026-09-13 00:30:34,INFO,/api/products,200,594
2026-09-13 00:30:36,INFO,/api/payment,200,89
2026-09-13 00:30:38,INFO,/api/products,200,175
2026-09-13 00:30:40,INFO,/api/payment,201,214
2026-09-13 00:30:42,INFO,/api/login,200,154
2026-09-13 00:30:44,WARN,/api/products,400,202
2026-09-13 00:30:46,WARN,/api/login,400,313
2026-09-13 00:30:48,WARN,/api/payment,404,447
2026-09-13 00:30:50,INFO,/api/products,200,103
2026-09-13 00:30:52,ERROR,/api/login,500,85
2026-09-13 00:30:54,INFO,/api/products,200,278
2026-09-13 00:30:56,WARN,/api/products,404,451
2026-09-13 00:30:58,INFO,/api/logout,200,154
2026-09-13 00:31:00,INFO,/api/cart,201,238
2026-09-13 00:31:02,INFO,/api/payment,200,398
2026-09-13 00:31:04,INFO,/api/products,200,249
2026-09-13 00:31:06,INFO,/api/login,200,554
2026-09-13 00:31:08,WARN,/api/products,400,105
2026-09-13 00:31:10,INFO,/api/products,200,300
2026-09-13 00:31:12,INFO,/api/payment,200,305
2026-09-13 00:31:14,INFO,/api/products,200,534
2026-09-13 00:31:16,INFO,/api/products,201,533
2026-09-13 00:31:18,INFO,/api/payment,200,192
2026-09-13 00:31:20,INFO,/api/logout,200,598
2026-09-13 00:31:22,ERROR,/api/cart,500,97
2026-09-13 00:31:24,INFO,/api/logout,200,279
2026-09-13 00:31:26,WARN,/api/cart,404,181
2026-09-13 00:31:28,WARN,/api/logout,404,178
2026-09-13 00:31:30,INFO,/api/cart,200,399
2026-09-13 00:31:32,INFO,/api/login,201,234
2026-09-13 00:31:34,INFO,/api/payment,201,542
2026-09-13 00:31:36,WARN,/api/cart,400,222
2026-09-13 00:31:38,INFO,/api/products,200,302
2026-09-13 00:31:40,WARN,/api/payment,400,579
2026-09-13 00:31:42,WARN,/api/logout,400,51
2026-09-13 00:31:44,ERROR,/api/login,500,62
2026-09-13 00:31:46,INFO,/api/payment,200,134
2026-09-13 00:31:48,ERROR,/api/products,500,312
2026-09-13 00:31:50,INFO,/api/products,200,263
2026-09-13 00:31:52,WARN,/api/products,400,91
2026-09-13 00:31:54,INFO,/api/cart,201,456
2026-09-13 00:31:56,INFO,/api/payment,200,89
2026-09-13 00:31:58,INFO,/api/cart,201,453
2026-09-13 00:32:00,INFO,/api/logout,200,273
2026-09-13 00:32:02,INFO,/api/payment,200,511
2026-09-13 00:32:04,INFO,/api/payment,200,125
2026-09-13 00:32:06,INFO,/api/cart,200,539
2026-09-13 00:32:08,ERROR,/api/cart,500,257
2026-09-13 00:32:10,INFO,/api/logout,200,114
2026-09-13 00:32:12,INFO,/api/products,200,557
2026-09-13 00:32:14,INFO,/api/payment,200,377
2026-09-13 00:32:16,INFO,/api/login,200,236
2026-09-13 00:32:18,INFO,/api/payment,200,155
2026-09-13 00:32:20,INFO,/api/cart,200,164
2026-09-13 00:32:22,WARN,/api/payment,400,501
2026-09-13 00:32:24,INFO,/api/login,200,214
2026-09-13 00:32:26,INFO,/api/login,200,189
2026-09-13 00:32:28,INFO,/api/login,200,354
2026-09-13 00:32:30,INFO,/api/login,200,288
2026-09-13 00:32:32,INFO,/api/logout,200,408
2026-09-13 00:32:34,INFO,/api/logout,201,59
2026-09-13 00:32:36,INFO,/api/login,200,350
2026-09-13 00:32:38,WARN,/api/cart,400,557
2026-09-13 00:32:40,INFO,/api/logout,200,118
2026-09-13 00:32:42,WARN,/api/products,400,362
2026-09-13 00:32:44,INFO,/api/payment,200,455
2026-09-13 00:32:46,INFO,/api/products,200,527
2026-09-13 00:32:48,INFO,/api/login,201,213
2026-09-13 00:32:50,INFO,/api/cart,200,470
2026-09-13 00:32:52,INFO,/api/products,201,502
2026-09-13 00:32:54,INFO,/api/payment,200,353
2026-09-13 00:32:56,INFO,/api/products,200,68
2026-09-13 00:32:58,INFO,/api/products,200,139
2026-09-13 00:33:00,INFO,/api/cart,201,96
2026-09-13 00:33:02,INFO,/api/payment,200,578
2026-09-13 00:33:04,INFO,/api/cart,200,593
2026-09-13 00:33:06,INFO,/api/products,200,166
2026-09-13 00:33:08,WARN,/api/logout,404,597
2026-09-13 00:33:10,INFO,/api/logout,200,410
2026-09-13 00:33:12,INFO,/api/payment,200,198
2026-09-13 00:33:14,INFO,/api/logout,201,235
2026-09-13 00:33:16,WARN,/api/products,400,532
2026-09-13 00:33:18,WARN,/api/products,400,427
2026-09-13 00:33:20,WARN,/api/products,400,386
2026-09-13 00:33:22,INFO,/api/products,201,470
2026-09-13 00:33:24,ERROR,/api/logout,500,456
2026-09-13 00:33:26,INFO,/api/cart,200,87
2026-09-13 00:33:28,ERROR,/api/products,500,240
2026-09-13 00:33:30,INFO,/api/products,200,448
2026-09-13 00:33:32,ERROR,/api/cart,500,475
2026-09-13 00:33:34,INFO,/api/logout,200,266
2026-09-13 00:33:36,INFO,/api/products,200,56
2026-09-13 00:33:38,INFO,/api/login,200,442
2026-09-13 00:33:40,WARN,/api/payment,400,558
2026-09-13 00:33:42,WARN,/api/products,404,300
2026-09-13 00:33:44,INFO,/api/logout,200,51
2026-09-13 00:33:46,INFO,/api/logout,200,288
2026-09-13 00:33:48,WARN,/api/logout,400,253
2026-09-13 00:33:50,ERROR,/api/logout,500,497
2026-09-13 00:33:52,INFO,/api/cart,200,363
2026-09-13 00:33:54,INFO,/api/cart,200,266
2026-09-13 00:33:56,INFO,/api/cart,200,334
2026-09-13 00:33:58,INFO,/api/products,201,54
2026-09-13 00:34:00,INFO,/api/cart,200,278
2026-09-13 00:34:02,INFO,/api/products,200,219
2026-09-13 00:34:04,INFO,/api/logout,200,309
2026-09-13 00:34:06,INFO,/api/login,200,583
2026-09-13 00:34:08,ERROR,/api/cart,500,184
2026-09-13 00:34:10,INFO,/api/payment,200,111
2026-09-13 00:34:12,INFO,/api/login,200,541
2026-09-13 00:34:14,INFO,/api/products,200,427
2026-09-13 00:34:16,INFO,/api/logout,200,82
2026-09-13 00:34:18,INFO,/api/products,200,83
2026-09-13 00:34:20,ERROR,/api/cart,500,593
2026-09-13 00:34:22,INFO,/api/payment,200,254
2026-09-13 00:34:24,WARN,/api/cart,404,63
2026-09-13 00:34:26,INFO,/api/login,200,330
2026-09-13 00:34:28,INFO,/api/logout,200,140
2026-09-13 00:34:30,WARN,/api/cart,400,70
2026-09-13 00:34:32,ERROR,/api/logout,500,53
2026-09-13 00:34:34,INFO,/api/products,200,164
2026-09-13 00:34:36,INFO,/api/logout,200,85
2026-09-13 00:34:38,INFO,/api/products,200,182
2026-09-13 00:34:40,INFO,/api/logout,201,126
2026-09-13 00:34:42,INFO,/api/logout,200,195
2026-09-13 00:34:44,INFO,/api/cart,201,240
2026-09-13 00:34:46,ERROR,/api/payment,500,89
2026-09-13 00:34:48,WARN,/api/login,404,515
2026-09-13 00:34:50,INFO,/api/cart,200,114
2026-09-13 00:34:52,INFO,/api/cart,200,256
2026-09-13 00:34:54,WARN,/api/login,404,325
2026-09-13 00:34:56,INFO,/api/login,200,254
2026-09-13 00:34:58,INFO,/api/payment,201,197
2026-09-13 00:35:00,INFO,/api/logout,200,467
2026-09-13 00:35:02,INFO,/api/products,200,279
2026-09-13 00:35:04,INFO,/api/products,200,65
2026-09-13 00:35:06,INFO,/api/payment,200,124
2026-09-13 00:35:08,INFO,/api/login,200,320
2026-09-13 00:35:10,INFO,/api/payment,200,195
2026-09-13 00:35:12,INFO,/api/payment,200,276
2026-09-13 00:35:14,INFO,/api/cart,201,277
2026-09-13 00:35:16,INFO,/api/cart,201,312
2026-09-13 00:35:18,WARN,/api/login,404,196
2026-09-13 00:35:20,INFO,/api/cart,200,221
2026-09-13 00:35:22,INFO,/api/products,200,182
2026-09-13 00:35:24,ERROR,/api/products,500,258
2026-09-13 00:35:26,INFO,/api/payment,200,523
2026-09-13 00:35:28,INFO,/api/cart,200,409
2026-09-13 00:35:30,WARN,/api/logout,400,215
2026-09-13 00:35:32,WARN,/api/cart,404,143
2026-09-13 00:35:34,INFO,/api/login,201,56
2026-09-13 00:35:36,INFO,/api/payment,201,464
2026-09-13 00:35:38,INFO,/api/logout,200,243
2026-09-13 00:35:40,INFO,/api/logout,201,425
2026-09-13 00:35:42,INFO,/api/login,200,320
2026-09-13 00:35:44,INFO,/api/cart,200,187
2026-09-13 00:35:46,WARN,/api/login,404,547
2026-09-13 00:35:48,WARN,/api/login,400,463
2026-09-13 00:35:50,WARN,/api/logout,400,485
2026-09-13 00:35:52,ERROR,/api/cart,500,230
2026-09-13 00:35:54,INFO,/api/login,200,65
2026-09-13 00:35:56,INFO,/api/cart,200,594
2026-09-13 00:35:58,INFO,/api/logout,200,222
2026-09-13 00:36:00,INFO,/api/cart,201,471
2026-09-13 00:36:02,WARN,/api/login,400,570
2026-09-13 00:36:04,INFO,/api/payment,200,570
2026-09-13 00:36:06,INFO,/api/logout,200,362
2026-09-13 00:36:08,INFO,/api/logout,200,510
2026-09-13 00:36:10,INFO,/api/login,200,512
2026-09-13 00:36:12,WARN,/api/products,400,355
2026-09-13 00:36:14,INFO,/api/products,200,174
2026-09-13 00:36:16,WARN,/api/login,404,527
2026-09-13 00:36:18,INFO,/api/login,200,173
2026-09-13 00:36:20,ERROR,/api/login,500,561
2026-09-13 00:36:22,INFO,/api/login,200,523
2026-09-13 00:36:24,INFO,/api/cart,200,237
2026-09-13 00:36:26,INFO,/api/payment,200,351
2026-09-13 00:36:28,WARN,/api/cart,404,138
2026-09-13 00:36:30,INFO,/api/products,200,225
2026-09-13 00:36:32,INFO,/api/cart,200,594
2026-09-13 00:36:34,WARN,/api/logout,404,476
2026-09-13 00:36:36,WARN,/api/login,400,304
2026-09-13 00:36:38,INFO,/api/products,200,471
2026-09-13 00:36:40,ERROR,/api/cart,500,423
2026-09-13 00:36:42,INFO,/api/logout,200,75
2026-09-13 00:36:44,INFO,/api/logout,201,534
2026-09-13 00:36:46,INFO,/api/cart,200,596
2026-09-13 00:36:48,INFO,/api/login,200,348
2026-09-13 00:36:50,INFO,/api/payment,200,93
2026-09-13 00:36:52,INFO,/api/payment,200,344
2026-09-13 00:36:54,WARN,/api/login,400,298
2026-09-13 00:36:56,INFO,/api/logout,200,574
2026-09-13 00:36:58,INFO,/api/login,200,239
2026-09-13 00:37:00,INFO,/api/cart,200,379
2026-09-13 00:37:02,WARN,/api/logout,400,263
2026-09-13 00:37:04,ERROR,/api/login,500,350
2026-09-13 00:37:06,INFO,/api/login,200,271
2026-09-13 00:37:08,WARN,/api/payment,400,493
2026-09-13 00:37:10,INFO,/api/logout,200,302
2026-09-13 00:37:12,INFO,/api/login,200,265
2026-09-13 00:37:14,INFO,/api/logout,200,292
2026-09-13 00:37:16,INFO,/api/login,200,556
2026-09-13 00:37:18,INFO,/api/cart,200,376
2026-09-13 00:37:20,ERROR,/api/logout,500,133
2026-09-13 00:37:22,WARN,/api/cart,400,536
2026-09-13 00:37:24,INFO,/api/logout,200,211
2026-09-13 00:37:26,INFO,/api/payment,201,469
2026-09-13 00:37:28,INFO,/api/logout,200,428
2026-09-13 00:37:30,INFO,/api/payment,200,495
2026-09-13 00:37:32,INFO,/api/products,200,142
2026-09-13 00:37:34,ERROR,/api/products,500,588
2026-09-13 00:37:36,ERROR,/api/logout,500,317
2026-09-13 00:37:38,ERROR,/api/logout,500,485
2026-09-13 00:37:40,INFO,/api/products,200,503
2026-09-13 00:37:42,INFO,/api/cart,200,321
2026-09-13 00:37:44,ERROR,/api/cart,500,108
2026-09-13 00:37:46,WARN,/api/cart,400,424
2026-09-13 00:37:48,INFO,/api/payment,200,70
2026-09-13 00:37:50,INFO,/api/products,200,72
2026-09-13 00:37:52,INFO,/api/logout,200,165
2026-09-13 00:37:54,ERROR,/api/products,500,188
2026-09-13 00:37:56,INFO,/api/cart,200,150
2026-09-13 00:37:58,INFO,/api/payment,200,478
2026-09-13 00:38:00,WARN,/api/logout,404,238
2026-09-13 00:38:02,INFO,/api/cart,201,407
2026-09-13 00:38:04,WARN,/api/products,400,483
2026-09-13 00:38:06,INFO,/api/products,200,363
2026-09-13 00:38:08,INFO,/api/products,200,285
2026-09-13 00:38:10,ERROR,/api/logout,500,397
2026-09-13 00:38:12,WARN,/api/products,400,87
2026-09-13 00:38:14,INFO,/api/payment,201,269
2026-09-13 00:38:16,INFO,/api/logout,200,343
2026-09-13 00:38:18,INFO,/api/cart,201,337
2026-09-13 00:38:20,ERROR,/api/payment,500,218
2026-09-13 00:38:22,ERROR,/api/products,500,275
2026-09-13 00:38:24,INFO,/api/payment,200,364
2026-09-13 00:38:26,INFO,/api/logout,200,82
2026-09-13 00:38:28,ERROR,/api/products,500,95
2026-09-13 00:38:30,INFO,/api/login,201,69
2026-09-13 00:38:32,ERROR,/api/logout,500,466
2026-09-13 00:38:34,WARN,/api/products,400,286
2026-09-13 00:38:36,INFO,/api/products,201,469
2026-09-13 00:38:38,INFO,/api/logout,200,329
2026-09-13 00:38:40,INFO,/api/products,200,108
2026-09-13 00:38:42,INFO,/api/logout,200,371
2026-09-13 00:38:44,INFO,/api/products,200,226
2026-09-13 00:38:46,INFO,/api/logout,200,253
2026-09-13 00:38:48,INFO,/api/login,200,112
2026-09-13 00:38:50,INFO,/api/payment,200,90
2026-09-13 00:38:52,WARN,/api/products,400,292
2026-09-13 00:38:54,INFO,/api/login,200,329
2026-09-13 00:38:56,INFO,/api/products,201,376
2026-09-13 00:38:58,WARN,/api/products,404,207
2026-09-13 00:39:00,INFO,/api/payment,200,434
2026-09-13 00:39:02,WARN,/api/login,404,556
2026-09-13 00:39:04,WARN,/api/payment,404,530
2026-09-13 00:39:06,ERROR,/api/payment,500,338
2026-09-13 00:39:08,INFO,/api/cart,200,218
2026-09-13 00:39:10,INFO,/api/logout,200,314
2026-09-13 00:39:12,ERROR,/api/cart,500,406
2026-09-13 00:39:14,INFO,/api/cart,201,377
2026-09-13 00:39:16,INFO,/api/payment,200,319
2026-09-13 00:39:18,WARN,/api/login,404,238
2026-09-13 00:39:20,INFO,/api/payment,200,156
2026-09-13 00:39:22,INFO,/api/products,200,112
2026-09-13 00:39:24,ERROR,/api/payment,500,439
2026-09-13 00:39:26,INFO,/api/products,200,572
2026-09-13 00:39:28,INFO,/api/login,200,392
2026-09-13 00:39:30,WARN,/api/payment,400,367
2026-09-13 00:39:32,INFO,/api/cart,200,381
2026-09-13 00:39:34,INFO,/api/products,200,141
2026-09-13 00:39:36,WARN,/api/products,400,354
2026-09-13 00:39:38,WARN,/api/products,400,491
2026-09-13 00:39:40,WARN,/api/payment,404,94
2026-09-13 00:39:42,INFO,/api/login,200,341
2026-09-13 00:39:44,WARN,/api/cart,400,214
2026-09-13 00:39:46,INFO,/api/products,200,167
2026-09-13 00:39:48,ERROR,/api/cart,500,223
2026-09-13 00:39:50,INFO,/api/logout,201,50
2026-09-13 00:39:52,INFO,/api/cart,201,565
2026-09-13 00:39:54,WARN,/api/cart,404,440
2026-09-13 00:39:56,WARN,/api/cart,404,448
2026-09-13 00:39:58,INFO,/api/login,200,218
2026-09-13 00:40:00,INFO,/api/payment,200,490
2026-09-13 00:40:02,INFO,/api/products,201,225
2026-09-13 00:40:04,INFO,/api/cart,200,251
2026-09-13 00:40:06,INFO,/api/login,201,541
2026-09-13 00:40:08,INFO,/api/logout,200,507
2026-09-13 00:40:10,INFO,/api/logout,201,252
2026-09-13 00:40:12,INFO,/api/cart,200,83
2026-09-13 00:40:14,INFO,/api/cart,201,517
2026-09-13 00:40:16,INFO,/api/products,200,401
2026-09-13 00:40:18,INFO,/api/login,200,463
2026-09-13 00:40:20,INFO,/api/login,201,217
2026-09-13 00:40:22,INFO,/api/products,200,261
2026-09-13 00:40:24,ERROR,/api/payment,500,543
2026-09-13 00:40:26,INFO,/api/login,200,575
2026-09-13 00:40:28,INFO,/api/logout,200,586
2026-09-13 00:40:30,ERROR,/api/login,500,114
2026-09-13 00:40:32,INFO,/api/logout,200,496
2026-09-13 00:40:34,ERROR,/api/login,500,481
2026-09-13 00:40:36,WARN,/api/cart,404,245
2026-09-13 00:40:38,INFO,/api/login,201,429
2026-09-13 00:40:40,INFO,/api/login,201,357
2026-09-13 00:40:42,INFO,/api/logout,200,579
2026-09-13 00:40:44,WARN,/api/cart,400,486
2026-09-13 00:40:46,WARN,/api/cart,404,168
2026-09-13 00:40:48,WARN,/api/logout,400,552
2026-09-13 00:40:50,WARN,/api/cart,400,63
2026-09-13 00:40:52,INFO,/api/cart,201,427
2026-09-13 00:40:54,ERROR,/api/login,500,592
2026-09-13 00:40:56,INFO,/api/logout,200,223
2026-09-13 00:40:58,INFO,/api/payment,200,578
2026-09-13 00:41:00,INFO,/api/payment,201,238
2026-09-13 00:41:02,INFO,/api/login,200,591
2026-09-13 00:41:04,INFO,/api/cart,200,481
2026-09-13 00:41:06,ERROR,/api/payment,500,269
2026-09-13 00:41:08,ERROR,/api/cart,500,169
2026-09-13 00:41:10,INFO,/api/cart,200,181
2026-09-13 00:41:12,WARN,/api/login,400,211
2026-09-13 00:41:14,INFO,/api/logout,200,322
2026-09-13 00:41:16,WARN,/api/login,400,400
2026-09-13 00:41:18,WARN,/api/products,400,287
2026-09-13 00:41:20,INFO,/api/cart,201,545
2026-09-13 00:41:22,INFO,/api/login,200,433
2026-09-13 00:41:24,INFO,/api/logout,200,244
2026-09-13 00:41:26,INFO,/api/payment,200,65
2026-09-13 00:41:28,WARN,/api/payment,404,600
2026-09-13 00:41:30,ERROR,/api/products,500,340
2026-09-13 00:41:32,WARN,/api/products,400,362
2026-09-13 00:41:34,WARN,/api/login,404,437
2026-09-13 00:41:36,INFO,/api/logout,201,374
2026-09-13 00:41:38,INFO,/api/login,200,265
2026-09-13 00:41:40,INFO,/api/logout,200,585
2026-09-13 00:41:42,INFO,/api/payment,200,468
2026-09-13 00:41:44,INFO,/api/login,201,511
2026-09-13 00:41:46,WARN,/api/login,404,367
2026-09-13 00:41:48,INFO,/api/login,200,522
2026-09-13 00:41:50,INFO,/api/login,200,225
2026-09-13 00:41:52,INFO,/api/products,200,451
2026-09-13 00:41:54,WARN,/api/cart,400,511
2026-09-13 00:41:56,INFO,/api/logout,200,79
2026-09-13 00:41:58,INFO,/api/login,200,229
2026-09-13 00:42:00,INFO,/api/cart,200,125
2026-09-13 00:42:02,INFO,/api/login,200,339
2026-09-13 00:42:04,INFO,/api/cart,200,256
2026-09-13 00:42:06,INFO,/api/cart,200,149
2026-09-13 00:42:08,WARN,/api/logout,404,538
2026-09-13 00:42:10,INFO,/api/products,200,73
2026-09-13 00:42:12,INFO,/api/cart,200,317
2026-09-13 00:42:14,INFO,/api/payment,200,234
2026-09-13 00:42:16,WARN,/api/login,404,528
2026-09-13 00:42:18,INFO,/api/cart,201,558
2026-09-13 00:42:20,ERROR,/api/products,500,570
2026-09-13 00:42:22,WARN,/api/logout,404,531
2026-09-13 00:42:24,WARN,/api/products,400,114
2026-09-13 00:42:26,INFO,/api/payment,200,117
2026-09-13 00:42:28,INFO,/api/logout,200,97
2026-09-13 00:42:30,INFO,/api/products,200,268
2026-09-13 00:42:32,ERROR,/api/login,500,299
2026-09-13 00:42:34,ERROR,/api/login,500,127
2026-09-13 00:42:36,WARN,/api/products,400,314
2026-09-13 00:42:38,WARN,/api/payment,400,213
2026-09-13 00:42:40,ERROR,/api/products,500,265
2026-09-13 00:42:42,INFO,/api/login,200,472
2026-09-13 00:42:44,WARN,/api/products,404,319
2026-09-13 00:42:46,INFO,/api/cart,200,229
2026-09-13 00:42:48,INFO,/api/cart,200,212
2026-09-13 00:42:50,WARN,/api/products,400,469
2026-09-13 00:42:52,ERROR,/api/payment,500,498
2026-09-13 00:42:54,WARN,/api/products,400,508
2026-09-13 00:42:56,INFO,/api/login,200,293
2026-09-13 00:42:58,INFO,/api/products,201,527
2026-09-13 00:43:00,WARN,/api/logout,400,275
2026-09-13 00:43:02,INFO,/api/cart,200,128
2026-09-13 00:43:04,WARN,/api/products,404,247
2026-09-13 00:43:06,INFO,/api/logout,200,276
2026-09-13 00:43:08,INFO,/api/login,201,513
2026-09-13 00:43:10,WARN,/api/payment,400,359
2026-09-13 00:43:12,ERROR,/api/payment,500,523
2026-09-13 00:43:14,INFO,/api/login,200,416
2026-09-13 00:43:16,INFO,/api/payment,200,94
2026-09-13 00:43:18,ERROR,/api/cart,500,50
2026-09-13 00:43:20,WARN,/api/cart,404,389
2026-09-13 00:43:22,ERROR,/api/cart,500,466
2026-09-13 00:43:24,INFO,/api/login,200,420
2026-09-13 00:43:26,INFO,/api/cart,200,575
2026-09-13 00:43:28,ERROR,/api/products,500,300
2026-09-13 00:43:30,WARN,/api/cart,404,460
2026-09-13 00:43:32,ERROR,/api/cart,500,290
2026-09-13 00:43:34,WARN,/api/cart,404,543
2026-09-13 00:43:36,ERROR,/api/products,500,180
2026-09-13 00:43:38,ERROR,/api/login,500,104
2026-09-13 00:43:40,INFO,/api/login,200,578
2026-09-13 00:43:42,INFO,/api/payment,200,478
2026-09-13 00:43:44,INFO,/api/products,200,215
2026-09-13 00:43:46,INFO,/api/login,200,572
2026-09-13 00:43:48,INFO,/api/cart,200,547
2026-09-13 00:43:50,INFO,/api/payment,200,168
2026-09-13 00:43:52,WARN,/api/products,400,357
2026-09-13 00:43:54,WARN,/api/logout,404,575
2026-09-13 00:43:56,WARN,/api/logout,404,94
2026-09-13 00:43:58,INFO,/api/products,200,445
2026-09-13 00:44:00,INFO,/api/payment,200,100
2026-09-13 00:44:02,INFO,/api/cart,200,52
2026-09-13 00:44:04,INFO,/api/payment,200,519
2026-09-13 00:44:06,WARN,/api/products,404,206
2026-09-13 00:44:08,INFO,/api/logout,200,121
2026-09-13 00:44:10,INFO,/api/payment,200,370
2026-09-13 00:44:12,WARN,/api/login,404,282
2026-09-13 00:44:14,INFO,/api/payment,200,59
2026-09-13 00:44:16,INFO,/api/cart,200,484
2026-09-13 00:44:18,INFO,/api/login,201,323
2026-09-13 00:44:20,INFO,/api/payment,200,296
2026-09-13 00:44:22,INFO,/api/logout,201,127
2026-09-13 00:44:24,ERROR,/api/login,500,497
2026-09-13 00:44:26,WARN,/api/logout,404,294
2026-09-13 00:44:28,INFO,/api/payment,200,453
2026-09-13 00:44:30,INFO,/api/payment,201,586
2026-09-13 00:44:32,INFO,/api/products,200,217
2026-09-13 00:44:34,INFO,/api/products,200,65
2026-09-13 00:44:36,INFO,/api/products,200,265
2026-09-13 00:44:38,INFO,/api/payment,200,398
2026-09-13 00:44:40,WARN,/api/cart,400,350
2026-09-13 00:44:42,WARN,/api/logout,400,298
2026-09-13 00:44:44,INFO,/api/payment,200,425
2026-09-13 00:44:46,INFO,/api/logout,200,379
2026-09-13 00:44:48,WARN,/api/products,404,121
2026-09-13 00:44:50,INFO,/api/logout,200,155
2026-09-13 00:44:52,INFO,/api/logout,200,349
2026-09-13 00:44:54,INFO,/api/login,200,502
2026-09-13 00:44:56,INFO,/api/payment,200,515
2026-09-13 00:44:58,WARN,/api/logout,400,592
2026-09-13 00:45:00,ERROR,/api/products,500,511
2026-09-13 00:45:02,INFO,/api/login,200,321
2026-09-13 00:45:04,INFO,/api/login,200,557
2026-09-13 00:45:06,WARN,/api/payment,404,491
2026-09-13 00:45:08,INFO,/api/payment,200,353
2026-09-13 00:45:10,INFO,/api/products,200,238
2026-09-13 00:45:12,INFO,/api/login,201,469
2026-09-13 00:45:14,INFO,/api/payment,200,562
2026-09-13 00:45:16,INFO,/api/cart,200,205
2026-09-13 00:45:18,INFO,/api/login,200,399
2026-09-13 00:45:20,INFO,/api/cart,200,348
2026-09-13 00:45:22,WARN,/api/logout,404,76
2026-09-13 00:45:24,INFO,/api/logout,200,211
2026-09-13 00:45:26,INFO,/api/logout,200,163
2026-09-13 00:45:28,INFO,/api/logout,200,214
2026-09-13 00:45:30,INFO,/api/products,200,252
2026-09-13 00:45:32,INFO,/api/payment,200,103
2026-09-13 00:45:34,WARN,/api/login,404,478
2026-09-13 00:45:36,INFO,/api/login,201,382
2026-09-13 00:45:38,INFO,/api/login,200,590
2026-09-13 00:45:40,INFO,/api/products,201,522
2026-09-13 00:45:42,INFO,/api/login,200,63
2026-09-13 00:45:44,INFO,/api/cart,200,139
2026-09-13 00:45:46,ERROR,/api/cart,500,73
2026-09-13 00:45:48,INFO,/api/cart,200,295
2026-09-13 00:45:50,INFO,/api/products,200,510
2026-09-13 00:45:52,ERROR,/api/payment,500,132
2026-09-13 00:45:54,INFO,/api/products,200,570
2026-09-13 00:45:56,WARN,/api/login,400,439
2026-09-13 00:45:58,INFO,/api/logout,200,341
2026-09-13 00:46:00,INFO,/api/logout,200,191
2026-09-13 00:46:02,INFO,/api/logout,200,166
2026-09-13 00:46:04,INFO,/api/products,200,122
2026-09-13 00:46:06,INFO,/api/payment,200,139
2026-09-13 00:46:08,WARN,/api/payment,400,239
2026-09-13 00:46:10,WARN,/api/products,400,590
2026-09-13 00:46:12,INFO,/api/logout,200,87
2026-09-13 00:46:14,INFO,/api/logout,200,54
2026-09-13 00:46:16,INFO,/api/payment,201,186
2026-09-13 00:46:18,WARN,/api/payment,404,478
2026-09-13 00:46:20,WARN,/api/logout,404,162
2026-09-13 00:46:22,WARN,/api/payment,400,370
2026-09-13 00:46:24,INFO,/api/cart,201,100
2026-09-13 00:46:26,WARN,/api/logout,400,170
2026-09-13 00:46:28,INFO,/api/cart,200,254
2026-09-13 00:46:30,INFO,/api/login,200,225
2026-09-13 00:46:32,INFO,/api/cart,201,479
2026-09-13 00:46:34,INFO,/api/products,200,477
2026-09-13 00:46:36,INFO,/api/logout,201,543
2026-09-13 00:46:38,INFO,/api/logout,200,557
2026-09-13 00:46:40,INFO,/api/cart,200,496
2026-09-13 00:46:42,INFO,/api/products,200,596
2026-09-13 00:46:44,INFO,/api/logout,200,558
2026-09-13 00:46:46,ERROR,/api/logout,500,428
2026-09-13 00:46:48,ERROR,/api/products,500,103
2026-09-13 00:46:50,WARN,/api/logout,404,570
2026-09-13 00:46:52,INFO,/api/login,200,328
2026-09-13 00:46:54,WARN,/api/cart,404,500
2026-09-13 00:46:56,INFO,/api/logout,200,272
2026-09-13 00:46:58,INFO,/api/products,200,363
2026-09-13 00:47:00,WARN,/api/payment,400,160
2026-09-13 00:47:02,INFO,/api/logout,201,225
2026-09-13 00:47:04,INFO,/api/products,200,553
2026-09-13 00:47:06,INFO,/api/cart,200,438
2026-09-13 00:47:08,INFO,/api/login,200,133
2026-09-13 00:47:10,INFO,/api/payment,200,120
2026-09-13 00:47:12,INFO,/api/cart,200,485
2026-09-13 00:47:14,INFO,/api/products,201,377
2026-09-13 00:47:16,INFO,/api/payment,201,85
2026-09-13 00:47:18,INFO,/api/products,200,146
2026-09-13 00:47:20,INFO,/api/login,200,418
2026-09-13 00:47:22,WARN,/api/login,400,406
2026-09-13 00:47:24,INFO,/api/payment,200,554
2026-09-13 00:47:26,WARN,/api/logout,404,457
2026-09-13 00:47:28,INFO,/api/products,200,324
2026-09-13 00:47:30,WARN,/api/cart,404,366
2026-09-13 00:47:32,INFO,/api/logout,200,259
2026-09-13 00:47:34,INFO,/api/cart,200,460
2026-09-13 00:47:36,WARN,/api/cart,404,325
2026-09-13 00:47:38,INFO,/api/login,200,511
2026-09-13 00:47:40,INFO,/api/logout,200,480
2026-09-13 00:47:42,INFO,/api/cart,200,277
2026-09-13 00:47:44,ERROR,/api/logout,500,475
2026-09-13 00:47:46,ERROR,/api/payment,500,380
2026-09-13 00:47:48,INFO,/api/cart,200,569
2026-09-13 00:47:50,ERROR,/api/payment,500,197
2026-09-13 00:47:52,INFO,/api/payment,200,260
2026-09-13 00:47:54,WARN,/api/payment,400,595
2026-09-13 00:47:56,WARN,/api/login,400,586
2026-09-13 00:47:58,ERROR,/api/products,500,325
2026-09-13 00:48:00,INFO,/api/logout,201,406
2026-09-13 00:48:02,WARN,/api/payment,400,321
2026-09-13 00:48:04,INFO,/api/logout,200,524
2026-09-13 00:48:06,WARN,/api/login,400,534
2026-09-13 00:48:08,INFO,/api/payment,201,441
2026-09-13 00:48:10,WARN,/api/login,404,483
2026-09-13 00:48:12,INFO,/api/products,200,505
2026-09-13 00:48:14,INFO,/api/payment,200,548
2026-09-13 00:48:16,WARN,/api/login,400,237
2026-09-13 00:48:18,INFO,/api/cart,200,210
2026-09-13 00:48:20,WARN,/api/cart,404,194
2026-09-13 00:48:22,INFO,/api/cart,200,290
2026-09-13 00:48:24,INFO,/api/logout,200,280
2026-09-13 00:48:26,INFO,/api/login,200,165
2026-09-13 00:48:28,INFO,/api/logout,200,499
2026-09-13 00:48:30,INFO,/api/payment,201,534
2026-09-13 00:48:32,INFO,/api/login,200,275
2026-09-13 00:48:34,INFO,/api/products,200,351
2026-09-13 00:48:36,WARN,/api/logout,400,284
2026-09-13 00:48:38,INFO,/api/products,201,295
2026-09-13 00:48:40,INFO,/api/payment,200,294
2026-09-13 00:48:42,WARN,/api/payment,404,79
2026-09-13 00:48:44,INFO,/api/logout,201,157
2026-09-13 00:48:46,INFO,/api/products,201,508
2026-09-13 00:48:48,WARN,/api/login,404,228
2026-09-13 00:48:50,ERROR,/api/products,500,447
2026-09-13 00:48:52,ERROR,/api/cart,500,595
2026-09-13 00:48:54,WARN,/api/cart,400,232
2026-09-13 00:48:56,INFO,/api/cart,200,223
2026-09-13 00:48:58,INFO,/api/cart,200,108
2026-09-13 00:49:00,ERROR,/api/login,500,68
2026-09-13 00:49:02,ERROR,/api/cart,500,385
2026-09-13 00:49:04,ERROR,/api/logout,500,208
2026-09-13 00:49:06,INFO,/api/products,200,362
2026-09-13 00:49:08,WARN,/api/products,404,580
2026-09-13 00:49:10,INFO,/api/payment,201,455
2026-09-13 00:49:12,WARN,/api/login,400,381
2026-09-13 00:49:14,INFO,/api/login,201,272
2026-09-13 00:49:16,INFO,/api/login,200,281
2026-09-13 00:49:18,WARN,/api/logout,404,89
2026-09-13 00:49:20,INFO,/api/products,200,251
2026-09-13 00:49:22,WARN,/api/cart,400,240
2026-09-13 00:49:24,WARN,/api/logout,404,170
2026-09-13 00:49:26,INFO,/api/logout,200,294
2026-09-13 00:49:28,WARN,/api/cart,400,585
2026-09-13 00:49:30,WARN,/api/payment,404,501
2026-09-13 00:49:32,WARN,/api/payment,400,139
2026-09-13 00:49:34,INFO,/api/login,200,443
2026-09-13 00:49:36,INFO,/api/cart,200,235
2026-09-13 00:49:38,WARN,/api/cart,404,559
2026-09-13 00:49:40,INFO,/api/cart,201,140
2026-09-13 00:49:42,INFO,/api/cart,201,353
2026-09-13 00:49:44,ERROR,/api/products,500,432
2026-09-13 00:49:46,INFO,/api/login,200,366
2026-09-13 00:49:48,WARN,/api/payment,400,458
2026-09-13 00:49:50,WARN,/api/cart,404,162
2026-09-13 00:49:52,WARN,/api/login,400,569
2026-09-13 00:49:54,INFO,/api/products,200,549
2026-09-13 00:49:56,INFO,/api/cart,200,240
2026-09-13 00:49:58,INFO,/api/payment,200,169
2026-09-13 00:50:00,INFO,/api/payment,201,588
2026-09-13 00:50:02,WARN,/api/products,404,191
2026-09-13 00:50:04,INFO,/api/products,200,451
2026-09-13 00:50:06,INFO,/api/payment,201,417
2026-09-13 00:50:08,WARN,/api/payment,404,283
2026-09-13 00:50:10,ERROR,/api/payment,500,577
2026-09-13 00:50:12,WARN,/api/payment,400,267
2026-09-13 00:50:14,INFO,/api/login,201,147
2026-09-13 00:50:16,WARN,/api/logout,404,590
2026-09-13 00:50:18,WARN,/api/products,404,236
2026-09-13 00:50:20,INFO,/api/products,200,399
2026-09-13 00:50:22,INFO,/api/cart,200,243
2026-09-13 00:50:24,INFO,/api/login,200,554
2026-09-13 00:50:26,INFO,/api/logout,201,109
2026-09-13 00:50:28,WARN,/api/login,404,407
2026-09-13 00:50:30,INFO,/api/payment,200,452
2026-09-13 00:50:32,INFO,/api/login,200,201
2026-09-13 00:50:34,WARN,/api/cart,400,57
2026-09-13 00:50:36,WARN,/api/logout,400,502
2026-09-13 00:50:38,INFO,/api/products,200,176
2026-09-13 00:50:40,INFO,/api/login,201,100
2026-09-13 00:50:42,ERROR,/api/payment,500,573
2026-09-13 00:50:44,WARN,/api/products,400,219
2026-09-13 00:50:46,INFO,/api/products,200,535
2026-09-13 00:50:48,WARN,/api/cart,404,83
2026-09-13 00:50:50,WARN,/api/products,400,586
2026-09-13 00:50:52,INFO,/api/login,201,510
2026-09-13 00:50:54,ERROR,/api/logout,500,496
2026-09-13 00:50:56,INFO,/api/logout,200,202
2026-09-13 00:50:58,INFO,/api/logout,200,587
2026-09-13 00:51:00,INFO,/api/payment,200,65
2026-09-13 00:51:02,WARN,/api/products,404,109
2026-09-13 00:51:04,ERROR,/api/cart,500,258
2026-09-13 00:51:06,WARN,/api/cart,404,351
2026-09-13 00:51:08,INFO,/api/login,200,76
2026-09-13 00:51:10,INFO,/api/login,201,110
2026-09-13 00:51:12,INFO,/api/cart,200,173
2026-09-13 00:51:14,INFO,/api/cart,200,492
2026-09-13 00:51:16,INFO,/api/cart,200,470
2026-09-13 00:51:18,WARN,/api/logout,400,290
2026-09-13 00:51:20,WARN,/api/login,404,528
2026-09-13 00:51:22,INFO,/api/logout,201,448
2026-09-13 00:51:24,ERROR,/api/products,500,177
2026-09-13 00:51:26,ERROR,/api/products,500,330
2026-09-13 00:51:28,WARN,/api/login,404,442
2026-09-13 00:51:30,INFO,/api/cart,200,257
2026-09-13 00:51:32,INFO,/api/login,200,318
2026-09-13 00:51:34,WARN,/api/payment,400,75
2026-09-13 00:51:36,WARN,/api/logout,404,391
2026-09-13 00:51:38,INFO,/api/cart,200,269
2026-09-13 00:51:40,WARN,/api/cart,404,292
2026-09-13 00:51:42,INFO,/api/login,200,474
2026-09-13 00:51:44,INFO,/api/cart,200,68
2026-09-13 00:51:46,ERROR,/api/payment,500,584
2026-09-13 00:51:48,ERROR,/api/login,500,168
2026-09-13 00:51:50,INFO,/api/logout,200,586
2026-09-13 00:51:52,INFO,/api/products,201,148
2026-09-13 00:51:54,INFO,/api/payment,200,400
2026-09-13 00:51:56,INFO,/api/login,200,249
2026-09-13 00:51:58,INFO,/api/products,200,325
2026-09-13 00:52:00,INFO,/api/products,200,527
2026-09-13 00:52:02,ERROR,/api/cart,500,547
2026-09-13 00:52:04,WARN,/api/payment,400,542
2026-09-13 00:52:06,INFO,/api/cart,201,91
2026-09-13 00:52:08,WARN,/api/logout,400,350
2026-09-13 00:52:10,WARN,/api/logout,400,279
2026-09-13 00:52:12,INFO,/api/login,200,152
2026-09-13 00:52:14,INFO,/api/logout,201,69
2026-09-13 00:52:16,INFO,/api/products,201,114
2026-09-13 00:52:18,WARN,/api/products,404,239
2026-09-13 00:52:20,INFO,/api/payment,200,560
2026-09-13 00:52:22,WARN,/api/login,400,141
2026-09-13 00:52:24,INFO,/api/payment,200,119
2026-09-13 00:52:26,WARN,/api/payment,400,589
2026-09-13 00:52:28,WARN,/api/cart,400,423
2026-09-13 00:52:30,WARN,/api/products,400,404
2026-09-13 00:52:32,ERROR,/api/login,500,299
2026-09-13 00:52:34,INFO,/api/logout,200,121
2026-09-13 00:52:36,INFO,/api/cart,200,483
2026-09-13 00:52:38,ERROR,/api/login,500,295
2026-09-13 00:52:40,INFO,/api/payment,200,192
2026-09-13 00:52:42,INFO,/api/logout,200,73
2026-09-13 00:52:44,INFO,/api/products,200,131
2026-09-13 00:52:46,INFO,/api/login,201,540
2026-09-13 00:52:48,INFO,/api/products,200,524
2026-09-13 00:52:50,INFO,/api/products,200,512
2026-09-13 00:52:52,WARN,/api/login,404,387
2026-09-13 00:52:54,WARN,/api/cart,400,378
2026-09-13 00:52:56,WARN,/api/payment,400,147
2026-09-13 00:52:58,INFO,/api/logout,200,302
2026-09-13 00:53:00,WARN,/api/cart,400,447
2026-09-13 00:53:02,INFO,/api/products,200,153
2026-09-13 00:53:04,INFO,/api/payment,200,99
2026-09-13 00:53:06,INFO,/api/login,200,533
2026-09-13 00:53:08,WARN,/api/logout,404,183
2026-09-13 00:53:10,INFO,/api/payment,200,316
2026-09-13 00:53:12,ERROR,/api/payment,500,339
2026-09-13 00:53:14,INFO,/api/payment,200,250
2026-09-13 00:53:16,WARN,/api/products,400,354
2026-09-13 00:53:18,INFO,/api/payment,200,412
2026-09-13 00:53:20,WARN,/api/products,404,221
2026-09-13 00:53:22,WARN,/api/login,404,200
2026-09-13 00:53:24,INFO,/api/login,201,108
2026-09-13 00:53:26,WARN,/api/products,404,391
2026-09-13 00:53:28,INFO,/api/login,200,75
2026-09-13 00:53:30,INFO,/api/cart,200,146
2026-09-13 00:53:32,INFO,/api/products,201,100
2026-09-13 00:53:34,INFO,/api/products,200,170
2026-09-13 00:53:36,INFO,/api/login,200,517
2026-09-13 00:53:38,INFO,/api/login,201,250
2026-09-13 00:53:40,INFO,/api/payment,201,476
2026-09-13 00:53:42,INFO,/api/cart,201,510
2026-09-13 00:53:44,WARN,/api/payment,404,148
2026-09-13 00:53:46,ERROR,/api/products,500,273
2026-09-13 00:53:48,INFO,/api/cart,200,91
2026-09-13 00:53:50,INFO,/api/products,200,116
2026-09-13 00:53:52,WARN,/api/logout,400,420
2026-09-13 00:53:54,INFO,/api/payment,200,440
2026-09-13 00:53:56,INFO,/api/payment,200,164
2026-09-13 00:53:58,INFO,/api/logout,200,187
2026-09-13 00:54:00,INFO,/api/logout,200,441
2026-09-13 00:54:02,INFO,/api/payment,200,87
2026-09-13 00:54:04,INFO,/api/cart,200,297
2026-09-13 00:54:06,ERROR,/api/cart,500,263
2026-09-13 00:54:08,WARN,/api/login,400,464
2026-09-13 00:54:10,INFO,/api/login,200,409
2026-09-13 00:54:12,WARN,/api/login,404,360
2026-09-13 00:54:14,ERROR,/api/logout,500,198
2026-09-13 00:54:16,WARN,/api/logout,404,132
2026-09-13 00:54:18,INFO,/api/cart,200,366
2026-09-13 00:54:20,WARN,/api/logout,404,403
2026-09-13 00:54:22,ERROR,/api/login,500,390
2026-09-13 00:54:24,INFO,/api/cart,200,84
2026-09-13 00:54:26,INFO,/api/login,200,364
2026-09-13 00:54:28,WARN,/api/payment,400,178
2026-09-13 00:54:30,WARN,/api/login,404,100
2026-09-13 00:54:32,INFO,/api/login,201,282
2026-09-13 00:54:34,ERROR,/api/products,500,168
2026-09-13 00:54:36,INFO,/api/products,200,331
2026-09-13 00:54:38,INFO,/api/logout,201,410
2026-09-13 00:54:40,INFO,/api/payment,201,570
2026-09-13 00:54:42,INFO,/api/logout,200,322
2026-09-13 00:54:44,WARN,/api/cart,404,153
2026-09-13 00:54:46,INFO,/api/payment,200,100
2026-09-13 00:54:48,INFO,/api/products,200,68
2026-09-13 00:54:50,INFO,/api/login,201,252
2026-09-13 00:54:52,INFO,/api/logout,200,191
2026-09-13 00:54:54,INFO,/api/login,200,501
2026-09-13 00:54:56,INFO,/api/logout,200,373
2026-09-13 00:54:58,INFO,/api/products,200,494
2026-09-13 00:55:00,INFO,/api/login,200,78
2026-09-13 00:55:02,WARN,/api/products,400,332
2026-09-13 00:55:04,WARN,/api/logout,404,328
2026-09-13 00:55:06,ERROR,/api/login,500,315
2026-09-13 00:55:08,INFO,/api/payment,200,413
2026-09-13 00:55:10,INFO,/api/cart,200,556
2026-09-13 00:55:12,WARN,/api/cart,404,437
2026-09-13 00:55:14,INFO,/api/login,200,189
2026-09-13 00:55:16,INFO,/api/products,200,198
2026-09-13 00:55:18,INFO,/api/logout,200,450
2026-09-13 00:55:20,INFO,/api/login,200,113
2026-09-13 00:55:22,INFO,/api/products,201,335
2026-09-13 00:55:24,INFO,/api/products,200,323
2026-09-13 00:55:26,WARN,/api/login,404,213
2026-09-13 00:55:28,INFO,/api/payment,200,599
2026-09-13 00:55:30,WARN,/api/cart,404,518
2026-09-13 00:55:32,ERROR,/api/products,500,330
2026-09-13 00:55:34,INFO,/api/cart,200,228
2026-09-13 00:55:36,INFO,/api/cart,200,138
2026-09-13 00:55:38,INFO,/api/cart,201,192
2026-09-13 00:55:40,INFO,/api/logout,200,234
2026-09-13 00:55:42,INFO,/api/products,200,53
2026-09-13 00:55:44,ERROR,/api/payment,500,548
2026-09-13 00:55:46,ERROR,/api/login,500,371
2026-09-13 00:55:48,INFO,/api/payment,200,234
2026-09-13 00:55:50,INFO,/api/login,200,190
2026-09-13 00:55:52,INFO,/api/payment,200,593
2026-09-13 00:55:54,INFO,/api/logout,200,486
2026-09-13 00:55:56,INFO,/api/cart,200,410
2026-09-13 00:55:58,INFO,/api/logout,200,595
2026-09-13 00:56:00,ERROR,/api/cart,500,371
2026-09-13 00:56:02,INFO,/api/payment,200,547
2026-09-13 00:56:04,ERROR,/api/login,500,98
2026-09-13 00:56:06,WARN,/api/products,404,452
2026-09-13 00:56:08,ERROR,/api/products,500,283
2026-09-13 00:56:10,WARN,/api/cart,404,323
2026-09-13 00:56:12,INFO,/api/login,200,225
2026-09-13 00:56:14,ERROR,/api/cart,500,56
2026-09-13 00:56:16,WARN,/api/login,404,305
2026-09-13 00:56:18,WARN,/api/payment,400,177
2026-09-13 00:56:20,WARN,/api/cart,400,199
2026-09-13 00:56:22,INFO,/api/payment,200,216
2026-09-13 00:56:24,ERROR,/api/logout,500,474
2026-09-13 00:56:26,INFO,/api/cart,200,201
2026-09-13 00:56:28,WARN,/api/products,404,583
2026-09-13 00:56:30,ERROR,/api/cart,500,73
2026-09-13 00:56:32,INFO,/api/products,200,157
2026-09-13 00:56:34,INFO,/api/payment,201,168
2026-09-13 00:56:36,INFO,/api/payment,200,315
2026-09-13 00:56:38,INFO,/api/payment,200,559
2026-09-13 00:56:40,INFO,/api/login,200,272
2026-09-13 00:56:42,WARN,/api/products,404,337
2026-09-13 00:56:44,ERROR,/api/logout,500,69
2026-09-13 00:56:46,INFO,/api/cart,200,115
2026-09-13 00:56:48,INFO,/api/cart,200,264
2026-09-13 00:56:50,INFO,/api/logout,201,327
2026-09-13 00:56:52,WARN,/api/login,404,187
2026-09-13 00:56:54,INFO,/api/logout,200,62
2026-09-13 00:56:56,WARN,/api/cart,404,296
2026-09-13 00:56:58,INFO,/api/cart,200,513
2026-09-13 00:57:00,WARN,/api/payment,404,199
2026-09-13 00:57:02,INFO,/api/payment,200,581
2026-09-13 00:57:04,INFO,/api/login,200,195
2026-09-13 00:57:06,ERROR,/api/payment,500,109
2026-09-13 00:57:08,INFO,/api/logout,200,341
2026-09-13 00:57:10,INFO,/api/logout,201,233
2026-09-13 00:57:12,WARN,/api/login,400,450
2026-09-13 00:57:14,ERROR,/api/products,500,65
2026-09-13 00:57:16,INFO,/api/login,200,400
2026-09-13 00:57:18,INFO,/api/products,200,556
2026-09-13 00:57:20,ERROR,/api/login,500,363
2026-09-13 00:57:22,WARN,/api/payment,404,266
2026-09-13 00:57:24,INFO,/api/login,200,258
2026-09-13 00:57:26,WARN,/api/login,400,116
2026-09-13 00:57:28,INFO,/api/payment,200,369
2026-09-13 00:57:30,INFO,/api/login,200,428
2026-09-13 00:57:32,ERROR,/api/logout,500,333
2026-09-13 00:57:34,INFO,/api/logout,200,240
2026-09-13 00:57:36,ERROR,/api/cart,500,355
2026-09-13 00:57:38,INFO,/api/logout,200,472
2026-09-13 00:57:40,INFO,/api/products,200,516
2026-09-13 00:57:42,ERROR,/api/products,500,479
2026-09-13 00:57:44,INFO,/api/cart,200,301
2026-09-13 00:57:46,WARN,/api/logout,404,342
2026-09-13 00:57:48,INFO,/api/logout,200,365
2026-09-13 00:57:50,WARN,/api/products,404,278
2026-09-13 00:57:52,INFO,/api/payment,200,212
2026-09-13 00:57:54,INFO,/api/payment,200,427
2026-09-13 00:57:56,ERROR,/api/cart,500,517
2026-09-13 00:57:58,INFO,/api/cart,200,354
2026-09-13 00:58:00,INFO,/api/login,200,463
2026-09-13 00:58:02,INFO,/api/payment,200,219
2026-09-13 00:58:04,ERROR,/api/cart,500,536
2026-09-13 00:58:06,INFO,/api/products,200,464
2026-09-13 00:58:08,INFO,/api/payment,200,553
2026-09-13 00:58:10,WARN,/api/cart,400,227
2026-09-13 00:58:12,INFO,/api/login,201,471
2026-09-13 00:58:14,INFO,/api/login,200,443
2026-09-13 00:58:16,INFO,/api/logout,200,117
2026-09-13 00:58:18,INFO,/api/payment,200,228
2026-09-13 00:58:20,INFO,/api/products,201,426
2026-09-13 00:58:22,INFO,/api/logout,200,300
2026-09-13 00:58:24,INFO,/api/products,200,313
2026-09-13 00:58:26,INFO,/api/cart,201,134
2026-09-13 00:58:28,ERROR,/api/cart,500,102
2026-09-13 00:58:30,ERROR,/api/logout,500,172
2026-09-13 00:58:32,INFO,/api/payment,200,163
2026-09-13 00:58:34,INFO,/api/payment,200,550
2026-09-13 00:58:36,ERROR,/api/login,500,183
2026-09-13 00:58:38,WARN,/api/login,404,359
2026-09-13 00:58:40,WARN,/api/cart,404,453
2026-09-13 00:58:42,INFO,/api/cart,200,123
2026-09-13 00:58:44,INFO,/api/cart,200,504
2026-09-13 00:58:46,INFO,/api/payment,200,232
2026-09-13 00:58:48,INFO,/api/login,200,112
2026-09-13 00:58:50,INFO,/api/products,201,485
2026-09-13 00:58:52,INFO,/api/cart,200,181
2026-09-13 00:58:54,INFO,/api/payment,201,319
2026-09-13 00:58:56,INFO,/api/products,201,518
2026-09-13 00:58:58,WARN,/api/payment,400,524
2026-09-13 00:59:00,WARN,/api/cart,404,408
2026-09-13 00:59:02,ERROR,/api/payment,500,104
2026-09-13 00:59:04,INFO,/api/cart,200,56
2026-09-13 00:59:06,WARN,/api/logout,400,566
2026-09-13 00:59:08,WARN,/api/cart,404,580
2026-09-13 00:59:10,INFO,/api/login,200,124
2026-09-13 00:59:12,INFO,/api/logout,200,430
2026-09-13 00:59:14,WARN,/api/login,400,161
2026-09-13 00:59:16,INFO,/api/logout,200,430
2026-09-13 00:59:18,INFO,/api/logout,200,278
2026-09-13 00:59:20,INFO,/api/cart,200,427
2026-09-13 00:59:22,INFO,/api/payment,200,55
2026-09-13 00:59:24,INFO,/api/logout,201,154
2026-09-13 00:59:26,ERROR,/api/payment,500,447
2026-09-13 00:59:28,INFO,/api/login,200,126
2026-09-13 00:59:30,WARN,/api/cart,404,296
2026-09-13 00:59:32,INFO,/api/payment,201,523
2026-09-13 00:59:34,INFO,/api/cart,200,317
2026-09-13 00:59:36,WARN,/api/products,400,553
2026-09-13 00:59:38,WARN,/api/logout,404,529
2026-09-13 00:59:40,WARN,/api/cart,404,89
2026-09-13 00:59:42,INFO,/api/login,200,375
2026-09-13 00:59:44,INFO,/api/logout,200,326
2026-09-13 00:59:46,INFO,/api/login,200,443
2026-09-13 00:59:48,WARN,/api/logout,404,151
2026-09-13 00:59:50,WARN,/api/logout,400,363
2026-09-13 00:59:52,INFO,/api/payment,200,162
2026-09-13 00:59:54,ERROR,/api/products,500,328
2026-09-13 00:59:56,WARN,/api/login,400,65
2026-09-13 00:59:58,WARN,/api/payment,400,213
2026-09-13 01:00:00,WARN,/api/logout,400,243
2026-09-13 01:00:02,INFO,/api/logout,200,300
2026-09-13 01:00:04,INFO,/api/login,200,123
2026-09-13 01:00:06,INFO,/api/payment,200,202
2026-09-13 01:00:08,INFO,/api/products,200,191
2026-09-13 01:00:10,WARN,/api/cart,404,121
2026-09-13 01:00:12,INFO,/api/payment,201,505
2026-09-13 01:00:14,INFO,/api/login,200,260
2026-09-13 01:00:16,INFO,/api/cart,200,452
2026-09-13 01:00:18,INFO,/api/products,200,523
2026-09-13 01:00:20,WARN,/api/cart,404,169
2026-09-13 01:00:22,INFO,/api/logout,200,415
2026-09-13 01:00:24,INFO,/api/payment,200,353
2026-09-13 01:00:26,WARN,/api/products,400,244
2026-09-13 01:00:28,INFO,/api/login,200,214
2026-09-13 01:00:30,INFO,/api/payment,200,334
2026-09-13 01:00:32,ERROR,/api/payment,500,80
2026-09-13 01:00:34,INFO,/api/cart,201,363
2026-09-13 01:00:36,INFO,/api/products,201,306
2026-09-13 01:00:38,INFO,/api/cart,200,260
2026-09-13 01:00:40,INFO,/api/cart,201,294
2026-09-13 01:00:42,INFO,/api/products,200,151
2026-09-13 01:00:44,WARN,/api/payment,404,408
2026-09-13 01:00:46,INFO,/api/products,200,520
2026-09-13 01:00:48,INFO,/api/cart,200,587
2026-09-13 01:00:50,INFO,/api/products,200,593
2026-09-13 01:00:52,INFO,/api/login,200,146
2026-09-13 01:00:54,ERROR,/api/login,500,100
2026-09-13 01:00:56,INFO,/api/login,200,157
2026-09-13 01:00:58,INFO,/api/payment,200,277
2026-09-13 01:01:00,INFO,/api/payment,201,240
2026-09-13 01:01:02,INFO,/api/cart,200,239
2026-09-13 01:01:04,INFO,/api/logout,200,124
2026-09-13 01:01:06,WARN,/api/login,400,140
2026-09-13 01:01:08,WARN,/api/cart,400,311
2026-09-13 01:01:10,WARN,/api/cart,404,262
2026-09-13 01:01:12,INFO,/api/login,201,570
2026-09-13 01:01:14,WARN,/api/payment,404,223
2026-09-13 01:01:16,INFO,/api/cart,200,455
2026-09-13 01:01:18,INFO,/api/logout,200,478
2026-09-13 01:01:20,WARN,/api/products,400,183
2026-09-13 01:01:22,INFO,/api/logout,200,466
2026-09-13 01:01:24,INFO,/api/login,200,375
2026-09-13 01:01:26,WARN,/api/logout,404,199
2026-09-13 01:01:28,INFO,/api/payment,200,276
2026-09-13 01:01:30,WARN,/api/products,404,116
2026-09-13 01:01:32,INFO,/api/cart,200,253
2026-09-13 01:01:34,WARN,/api/logout,404,194
2026-09-13 01:01:36,WARN,/api/products,400,104
2026-09-13 01:01:38,INFO,/api/login,200,359
2026-09-13 01:01:40,INFO,/api/payment,200,426
2026-09-13 01:01:42,INFO,/api/logout,200,551
2026-09-13 01:01:44,INFO,/api/products,200,348
2026-09-13 01:01:46,INFO,/api/payment,200,337
2026-09-13 01:01:48,INFO,/api/logout,200,229
2026-09-13 01:01:50,INFO,/api/login,200,316
2026-09-13 01:01:52,ERROR,/api/products,500,513
2026-09-13 01:01:54,INFO,/api/payment,200,395
2026-09-13 01:01:56,INFO,/api/payment,200,180
2026-09-13 01:01:58,INFO,/api/cart,200,222
2026-09-13 01:02:00,WARN,/api/products,404,230
2026-09-13 01:02:02,ERROR,/api/cart,500,414
2026-09-13 01:02:04,WARN,/api/cart,404,162
2026-09-13 01:02:06,INFO,/api/cart,200,472
2026-09-13 01:02:08,INFO,/api/products,200,379
2026-09-13 01:02:10,INFO,/api/logout,200,511
2026-09-13 01:02:12,INFO,/api/products,201,583
2026-09-13 01:02:14,INFO,/api/logout,201,106
2026-09-13 01:02:16,ERROR,/api/payment,500,141
2026-09-13 01:02:18,WARN,/api/payment,400,561
2026-09-13 01:02:20,INFO,/api/cart,201,416
2026-09-13 01:02:22,INFO,/api/login,200,203
2026-09-13 01:02:24,ERROR,/api/cart,500,433
2026-09-13 01:02:26,INFO,/api/logout,200,291
2026-09-13 01:02:28,INFO,/api/cart,201,499
2026-09-13 01:02:30,ERROR,/api/cart,500,491
2026-09-13 01:02:32,INFO,/api/logout,200,479
2026-09-13 01:02:34,WARN,/api/logout,404,201
2026-09-13 01:02:36,INFO,/api/payment,200,201
2026-09-13 01:02:38,INFO,/api/cart,200,538
2026-09-13 01:02:40,WARN,/api/payment,404,555
2026-09-13 01:02:42,INFO,/api/logout,201,381
2026-09-13 01:02:44,WARN,/api/login,404,529
2026-09-13 01:02:46,ERROR,/api/cart,500,492
2026-09-13 01:02:48,INFO,/api/logout,200,288
2026-09-13 01:02:50,INFO,/api/products,200,572
2026-09-13 01:02:52,INFO,/api/login,200,362
2026-09-13 01:02:54,WARN,/api/login,400,164
2026-09-13 01:02:56,ERROR,/api/payment,500,194
2026-09-13 01:02:58,INFO,/api/cart,200,58
2026-09-13 01:03:00,INFO,/api/login,201,242
2026-09-13 01:03:02,WARN,/api/payment,400,242
2026-09-13 01:03:04,ERROR,/api/payment,500,581
2026-09-13 01:03:06,INFO,/api/products,200,334
2026-09-13 01:03:08,INFO,/api/payment,200,367
2026-09-13 01:03:10,INFO,/api/cart,200,327
2026-09-13 01:03:12,ERROR,/api/logout,500,111
2026-09-13 01:03:14,INFO,/api/logout,200,585
2026-09-13 01:03:16,INFO,/api/payment,200,147
2026-09-13 01:03:18,INFO,/api/products,200,146
2026-09-13 01:03:20,INFO,/api/logout,200,275
2026-09-13 01:03:22,INFO,/api/cart,200,260
2026-09-13 01:03:24,ERROR,/api/cart,500,225
2026-09-13 01:03:26,INFO,/api/logout,200,186
2026-09-13 01:03:28,INFO,/api/login,201,130
2026-09-13 01:03:30,INFO,/api/products,201,589
2026-09-13 01:03:32,INFO,/api/products,200,556
2026-09-13 01:03:34,WARN,/api/cart,400,381
2026-09-13 01:03:36,INFO,/api/cart,200,320
2026-09-13 01:03:38,INFO,/api/products,200,596
2026-09-13 01:03:40,WARN,/api/products,400,570
2026-09-13 01:03:42,WARN,/api/logout,400,560
2026-09-13 01:03:44,WARN,/api/logout,404,224
2026-09-13 01:03:46,INFO,/api/payment,200,365
2026-09-13 01:03:48,INFO,/api/products,200,168
2026-09-13 01:03:50,INFO,/api/logout,200,179
2026-09-13 01:03:52,INFO,/api/logout,200,128
2026-09-13 01:03:54,WARN,/api/login,400,76
2026-09-13 01:03:56,INFO,/api/products,200,428
2026-09-13 01:03:58,WARN,/api/products,400,458
2026-09-13 01:04:00,INFO,/api/logout,200,350
2026-09-13 01:04:02,ERROR,/api/logout,500,258
2026-09-13 01:04:04,INFO,/api/payment,201,376
2026-09-13 01:04:06,WARN,/api/logout,400,148
2026-09-13 01:04:08,INFO,/api/logout,200,457
2026-09-13 01:04:10,INFO,/api/login,200,107
2026-09-13 01:04:12,ERROR,/api/cart,500,439
2026-09-13 01:04:14,WARN,/api/payment,404,70
2026-09-13 01:04:16,WARN,/api/products,404,249
2026-09-13 01:04:18,WARN,/api/login,400,222
2026-09-13 01:04:20,ERROR,/api/cart,500,588
2026-09-13 01:04:22,INFO,/api/payment,200,597
2026-09-13 01:04:24,ERROR,/api/payment,500,350
2026-09-13 01:04:26,INFO,/api/products,200,212
2026-09-13 01:04:28,INFO,/api/payment,200,213
2026-09-13 01:04:30,INFO,/api/logout,200,466
2026-09-13 01:04:32,INFO,/api/logout,200,564
2026-09-13 01:04:34,INFO,/api/logout,200,204
2026-09-13 01:04:36,INFO,/api/payment,200,364
2026-09-13 01:04:38,ERROR,/api/login,500,206
2026-09-13 01:04:40,INFO,/api/payment,201,75
2026-09-13 01:04:42,INFO,/api/payment,200,208
2026-09-13 01:04:44,WARN,/api/logout,404,423
2026-09-13 01:04:46,WARN,/api/logout,404,332
2026-09-13 01:04:48,INFO,/api/logout,200,356
2026-09-13 01:04:50,INFO,/api/logout,200,324
2026-09-13 01:04:52,INFO,/api/payment,200,186
2026-09-13 01:04:54,INFO,/api/payment,200,569
2026-09-13 01:04:56,INFO,/api/logout,200,57
2026-09-13 01:04:58,ERROR,/api/login,500,354
2026-09-13 01:05:00,INFO,/api/cart,200,248
2026-09-13 01:05:02,INFO,/api/logout,200,488
2026-09-13 01:05:04,INFO,/api/login,200,533
2026-09-13 01:05:06,INFO,/api/products,200,164
2026-09-13 01:05:08,WARN,/api/cart,404,567
2026-09-13 01:05:10,ERROR,/api/products,500,550
2026-09-13 01:05:12,ERROR,/api/logout,500,356
2026-09-13 01:05:14,INFO,/api/payment,200,590
2026-09-13 01:05:16,WARN,/api/cart,400,309
2026-09-13 01:05:18,INFO,/api/logout,200,104
2026-09-13 01:05:20,ERROR,/api/login,500,334
2026-09-13 01:05:22,WARN,/api/login,400,350
2026-09-13 01:05:24,INFO,/api/login,200,515
2026-09-13 01:05:26,WARN,/api/logout,400,531
2026-09-13 01:05:28,INFO,/api/payment,201,361
2026-09-13 01:05:30,WARN,/api/login,400,464
2026-09-13 01:05:32,INFO,/api/cart,201,317
2026-09-13 01:05:34,ERROR,/api/products,500,455
2026-09-13 01:05:36,ERROR,/api/payment,500,506
2026-09-13 01:05:38,INFO,/api/products,200,229
2026-09-13 01:05:40,INFO,/api/products,200,407
2026-09-13 01:05:42,INFO,/api/login,200,581
2026-09-13 01:05:44,ERROR,/api/login,500,600
2026-09-13 01:05:46,INFO,/api/cart,201,344
2026-09-13 01:05:48,INFO,/api/products,200,560
2026-09-13 01:05:50,WARN,/api/logout,404,226
2026-09-13 01:05:52,INFO,/api/products,200,285
2026-09-13 01:05:54,INFO,/api/payment,200,249
2026-09-13 01:05:56,WARN,/api/payment,404,354
2026-09-13 01:05:58,INFO,/api/cart,201,333
2026-09-13 01:06:00,INFO,/api/products,200,168
2026-09-13 01:06:02,INFO,/api/login,200,275
2026-09-13 01:06:04,INFO,/api/logout,200,56
2026-09-13 01:06:06,INFO,/api/products,200,314
2026-09-13 01:06:08,INFO,/api/products,200,331
2026-09-13 01:06:10,ERROR,/api/products,500,246
2026-09-13 01:06:12,INFO,/api/logout,200,274
2026-09-13 01:06:14,INFO,/api/payment,200,65
2026-09-13 01:06:16,INFO,/api/products,201,444
2026-09-13 01:06:18,INFO,/api/cart,201,162
2026-09-13 01:06:20,WARN,/api/payment,404,304
2026-09-13 01:06:22,INFO,/api/payment,200,266
2026-09-13 01:06:24,WARN,/api/payment,400,201
2026-09-13 01:06:26,INFO,/api/products,200,83
2026-09-13 01:06:28,INFO,/api/login,200,88
2026-09-13 01:06:30,ERROR,/api/products,500,569
2026-09-13 01:06:32,ERROR,/api/payment,500,546
2026-09-13 01:06:34,WARN,/api/logout,404,120
2026-09-13 01:06:36,INFO,/api/cart,200,488
2026-09-13 01:06:38,INFO,/api/products,200,380
2026-09-13 01:06:40,INFO,/api/products,201,262
2026-09-13 01:06:42,INFO,/api/cart,200,453
2026-09-13 01:06:44,ERROR,/api/payment,500,2623
2026-09-13 01:06:46,ERROR,/api/payment,500,3456
2026-09-13 01:06:48,INFO,/api/logout,200,255
2026-09-13 01:06:50,INFO,/api/logout,200,362
2026-09-13 01:06:52,ERROR,/api/products,500,191
2026-09-13 01:06:54,INFO,/api/login,200,96
2026-09-13 01:06:56,INFO,/api/products,200,145
2026-09-13 01:06:58,INFO,/api/logout,200,130
2026-09-13 01:07:00,INFO,/api/logout,200,178
2026-09-13 01:07:02,INFO,/api/cart,200,241
2026-09-13 01:07:04,ERROR,/api/login,500,184
2026-09-13 01:07:06,WARN,/api/cart,404,401
2026-09-13 01:07:08,INFO,/api/products,201,300
2026-09-13 01:07:10,ERROR,/api/payment,500,3211
2026-09-13 01:07:12,WARN,/api/login,404,537
2026-09-13 01:07:14,ERROR,/api/payment,500,2158
2026-09-13 01:07:16,INFO,/api/logout,200,359
2026-09-13 01:07:18,WARN,/api/logout,404,85
2026-09-13 01:07:20,ERROR,/api/payment,500,2943
2026-09-13 01:07:22,INFO,/api/products,200,137
2026-09-13 01:07:24,WARN,/api/cart,400,239
2026-09-13 01:07:26,ERROR,/api/login,500,483
2026-09-13 01:07:28,ERROR,/api/payment,500,2153
2026-09-13 01:07:30,INFO,/api/products,201,588
2026-09-13 01:07:32,ERROR,/api/payment,500,2062
2026-09-13 01:07:34,ERROR,/api/payment,500,2763
2026-09-13 01:07:36,INFO,/api/login,200,444
2026-09-13 01:07:38,INFO,/api/cart,201,135
2026-09-13 01:07:40,INFO,/api/cart,200,484
2026-09-13 01:07:42,INFO,/api/cart,200,405
2026-09-13 01:07:44,INFO,/api/logout,200,338
2026-09-13 01:07:46,ERROR,/api/payment,500,3358
2026-09-13 01:07:48,ERROR,/api/login,500,122
2026-09-13 01:07:50,INFO,/api/logout,200,222
2026-09-13 01:07:52,ERROR,/api/products,500,202
2026-09-13 01:07:54,INFO,/api/login,201,314
2026-09-13 01:07:56,INFO,/api/logout,200,291
2026-09-13 01:07:58,INFO,/api/logout,200,200
2026-09-13 01:08:00,INFO,/api/logout,200,82
2026-09-13 01:08:02,ERROR,/api/payment,500,2594
2026-09-13 01:08:04,INFO,/api/cart,200,293
2026-09-13 01:08:06,ERROR,/api/payment,500,2446
2026-09-13 01:08:08,WARN,/api/products,404,98
2026-09-13 01:08:10,INFO,/api/login,200,222
2026-09-13 01:08:12,INFO,/api/login,201,260
2026-09-13 01:08:14,ERROR,/api/logout,500,387
2026-09-13 01:08:16,WARN,/api/cart,404,413
2026-09-13 01:08:18,INFO,/api/login,201,163
2026-09-13 01:08:20,WARN,/api/logout,404,152
2026-09-13 01:08:22,ERROR,/api/payment,500,2724
2026-09-13 01:08:24,INFO,/api/cart,200,456
2026-09-13 01:08:26,INFO,/api/login,201,467
2026-09-13 01:08:28,ERROR,/api/payment,500,3291
2026-09-13 01:08:30,INFO,/api/login,201,227
2026-09-13 01:08:32,INFO,/api/logout,201,146
2026-09-13 01:08:34,WARN,/api/login,404,386
2026-09-13 01:08:36,ERROR,/api/payment,500,2409
2026-09-13 01:08:38,WARN,/api/cart,404,121
2026-09-13 01:08:40,INFO,/api/products,200,88
2026-09-13 01:08:42,WARN,/api/logout,400,200
2026-09-13 01:08:44,WARN,/api/logout,404,324
2026-09-13 01:08:46,ERROR,/api/payment,500,2225
2026-09-13 01:08:48,ERROR,/api/cart,500,153
2026-09-13 01:08:50,ERROR,/api/logout,500,119
2026-09-13 01:08:52,WARN,/api/products,400,262
2026-09-13 01:08:54,INFO,/api/cart,200,482
2026-09-13 01:08:56,ERROR,/api/payment,500,2055
2026-09-13 01:08:58,WARN,/api/logout,404,150
2026-09-13 01:09:00,ERROR,/api/products,500,592
2026-09-13 01:09:02,INFO,/api/cart,200,252
2026-09-13 01:09:04,ERROR,/api/payment,500,2541
2026-09-13 01:09:06,INFO,/api/cart,200,479
2026-09-13 01:09:08,WARN,/api/logout,404,357
2026-09-13 01:09:10,INFO,/api/cart,200,282
2026-09-13 01:09:12,INFO,/api/logout,201,398
2026-09-13 01:09:14,INFO,/api/logout,200,533
2026-09-13 01:09:16,ERROR,/api/logout,500,142
2026-09-13 01:09:18,INFO,/api/logout,200,332
2026-09-13 01:09:20,INFO,/api/products,200,214
2026-09-13 01:09:22,ERROR,/api/logout,500,457
2026-09-13 01:09:24,ERROR,/api/payment,500,2596
2026-09-13 01:09:26,INFO,/api/login,200,420
2026-09-13 01:09:28,INFO,/api/login,200,257
2026-09-13 01:09:30,INFO,/api/logout,200,537
2026-09-13 01:09:32,INFO,/api/products,200,50
2026-09-13 01:09:34,WARN,/api/products,404,473
2026-09-13 01:09:36,WARN,/api/login,404,153
2026-09-13 01:09:38,WARN,/api/products,404,354
2026-09-13 01:09:40,WARN,/api/cart,400,106
2026-09-13 01:09:42,INFO,/api/cart,201,321
2026-09-13 01:09:44,INFO,/api/cart,201,370
2026-09-13 01:09:46,INFO,/api/products,200,296
2026-09-13 01:09:48,INFO,/api/login,201,556
2026-09-13 01:09:50,INFO,/api/login,201,211
2026-09-13 01:09:52,ERROR,/api/logout,500,100
2026-09-13 01:09:54,INFO,/api/logout,201,545
2026-09-13 01:09:56,WARN,/api/cart,400,462
2026-09-13 01:09:58,ERROR,/api/payment,500,2660
2026-09-13 01:10:00,ERROR,/api/payment,500,3260
2026-09-13 01:10:02,ERROR,/api/login,500,164
2026-09-13 01:10:04,WARN,/api/products,400,308
2026-09-13 01:10:06,INFO,/api/cart,200,51
2026-09-13 01:10:08,INFO,/api/payment,200,204
2026-09-13 01:10:10,WARN,/api/cart,400,468
2026-09-13 01:10:12,INFO,/api/cart,200,282
2026-09-13 01:10:14,ERROR,/api/products,500,496
2026-09-13 01:10:16,INFO,/api/logout,200,461
2026-09-13 01:10:18,WARN,/api/login,404,473
2026-09-13 01:10:20,INFO,/api/cart,200,214
2026-09-13 01:10:22,WARN,/api/cart,404,171
2026-09-13 01:10:24,INFO,/api/payment,201,141
2026-09-13 01:10:26,INFO,/api/logout,200,388
2026-09-13 01:10:28,WARN,/api/products,400,502
2026-09-13 01:10:30,WARN,/api/login,404,414
2026-09-13 01:10:32,INFO,/api/products,200,241
2026-09-13 01:10:34,INFO,/api/login,200,105
2026-09-13 01:10:36,ERROR,/api/cart,500,159
2026-09-13 01:10:38,INFO,/api/payment,200,433
2026-09-13 01:10:40,INFO,/api/login,201,496
2026-09-13 01:10:42,WARN,/api/cart,400,186
2026-09-13 01:10:44,INFO,/api/logout,200,216
2026-09-13 01:10:46,INFO,/api/cart,200,304
2026-09-13 01:10:48,INFO,/api/cart,201,191
2026-09-13 01:10:50,INFO,/api/logout,200,401
2026-09-13 01:10:52,WARN,/api/payment,400,493
2026-09-13 01:10:54,INFO,/api/login,200,186
2026-09-13 01:10:56,INFO,/api/login,200,330
2026-09-13 01:10:58,INFO,/api/login,200,396
2026-09-13 01:11:00,INFO,/api/payment,200,567
2026-09-13 01:11:02,INFO,/api/products,200,342
2026-09-13 01:11:04,INFO,/api/logout,200,179
2026-09-13 01:11:06,INFO,/api/cart,200,130
2026-09-13 01:11:08,ERROR,/api/logout,500,100
2026-09-13 01:11:10,INFO,/api/logout,201,263
2026-09-13 01:11:12,INFO,/api/cart,200,574
2026-09-13 01:11:14,INFO,/api/cart,200,76
2026-09-13 01:11:16,INFO,/api/cart,200,496
2026-09-13 01:11:18,WARN,/api/products,404,237
2026-09-13 01:11:20,WARN,/api/products,400,472
2026-09-13 01:11:22,INFO,/api/payment,200,299
2026-09-13 01:11:24,INFO,/api/products,200,201
2026-09-13 01:11:26,INFO,/api/cart,200,107
2026-09-13 01:11:28,INFO,/api/products,200,148
2026-09-13 01:11:30,WARN,/api/logout,404,96
2026-09-13 01:11:32,INFO,/api/cart,200,332
2026-09-13 01:11:34,INFO,/api/payment,200,378
2026-09-13 01:11:36,ERROR,/api/payment,500,590
2026-09-13 01:11:38,INFO,/api/cart,200,433
2026-09-13 01:11:40,INFO,/api/products,201,200
2026-09-13 01:11:42,INFO,/api/cart,200,459
2026-09-13 01:11:44,WARN,/api/cart,404,328
2026-09-13 01:11:46,ERROR,/api/payment,500,550
2026-09-13 01:11:48,INFO,/api/products,200,53
2026-09-13 01:11:50,INFO,/api/products,200,230
2026-09-13 01:11:52,INFO,/api/products,200,52
2026-09-13 01:11:54,INFO,/api/logout,200,200
2026-09-13 01:11:56,INFO,/api/login,200,358
2026-09-13 01:11:58,INFO,/api/logout,200,283
2026-09-13 01:12:00,INFO,/api/logout,200,239
2026-09-13 01:12:02,INFO,/api/cart,201,146
2026-09-13 01:12:04,INFO,/api/payment,200,364
2026-09-13 01:12:06,INFO,/api/products,200,401
2026-09-13 01:12:08,WARN,/api/payment,400,164
2026-09-13 01:12:10,ERROR,/api/login,500,228
2026-09-13 01:12:12,INFO,/api/payment,200,401
2026-09-13 01:12:14,INFO,/api/payment,200,317
2026-09-13 01:12:16,INFO,/api/cart,200,225
2026-09-13 01:12:18,INFO,/api/cart,200,249
2026-09-13 01:12:20,INFO,/api/cart,200,369
2026-09-13 01:12:22,WARN,/api/products,400,175
2026-09-13 01:12:24,INFO,/api/logout,200,367
2026-09-13 01:12:26,WARN,/api/products,404,217
2026-09-13 01:12:28,WARN,/api/logout,404,301
2026-09-13 01:12:30,INFO,/api/logout,201,568
2026-09-13 01:12:32,INFO,/api/login,200,330
2026-09-13 01:12:34,INFO,/api/login,201,346
2026-09-13 01:12:36,INFO,/api/products,200,420
2026-09-13 01:12:38,ERROR,/api/cart,500,471
2026-09-13 01:12:40,INFO,/api/login,200,390
2026-09-13 01:12:42,INFO,/api/products,200,147
2026-09-13 01:12:44,INFO,/api/payment,200,485
2026-09-13 01:12:46,INFO,/api/login,200,175
2026-09-13 01:12:48,WARN,/api/payment,400,431
2026-09-13 01:12:50,INFO,/api/cart,200,205
2026-09-13 01:12:52,WARN,/api/login,404,52
2026-09-13 01:12:54,ERROR,/api/logout,500,355
2026-09-13 01:12:56,INFO,/api/payment,200,203
2026-09-13 01:12:58,WARN,/api/login,400,118
2026-09-13 01:13:00,INFO,/api/payment,200,82
2026-09-13 01:13:02,INFO,/api/logout,200,391
2026-09-13 01:13:04,INFO,/api/login,200,247
2026-09-13 01:13:06,WARN,/api/logout,400,65
2026-09-13 01:13:08,ERROR,/api/payment,500,554
2026-09-13 01:13:10,WARN,/api/cart,404,544
2026-09-13 01:13:12,ERROR,/api/cart,500,260
2026-09-13 01:13:14,INFO,/api/products,200,521
2026-09-13 01:13:16,INFO,/api/cart,201,493
2026-09-13 01:13:18,ERROR,/api/logout,500,163
2026-09-13 01:13:20,INFO,/api/payment,201,502
2026-09-13 01:13:22,WARN,/api/login,404,462
2026-09-13 01:13:24,INFO,/api/payment,200,259
2026-09-13 01:13:26,INFO,/api/payment,200,126
2026-09-13 01:13:28,INFO,/api/products,200,115
2026-09-13 01:13:30,WARN,/api/login,400,234
2026-09-13 01:13:32,ERROR,/api/login,500,330
2026-09-13 01:13:34,INFO,/api/cart,200,468
2026-09-13 01:13:36,INFO,/api/cart,200,501
2026-09-13 01:13:38,WARN,/api/cart,404,471
2026-09-13 01:13:40,INFO,/api/logout,200,542
2026-09-13 01:13:42,WARN,/api/logout,404,329
2026-09-13 01:13:44,INFO,/api/payment,200,104
2026-09-13 01:13:46,INFO,/api/payment,200,369
2026-09-13 01:13:48,ERROR,/api/login,500,359
2026-09-13 01:13:50,INFO,/api/login,200,585
2026-09-13 01:13:52,ERROR,/api/cart,500,169
2026-09-13 01:13:54,INFO,/api/products,200,179
2026-09-13 01:13:56,WARN,/api/cart,404,269
2026-09-13 01:13:58,INFO,/api/login,201,168
2026-09-13 01:14:00,INFO,/api/cart,200,340
2026-09-13 01:14:02,INFO,/api/logout,200,538
2026-09-13 01:14:04,INFO,/api/products,200,397
2026-09-13 01:14:06,WARN,/api/cart,404,279
2026-09-13 01:14:08,INFO,/api/cart,201,311
2026-09-13 01:14:10,INFO,/api/logout,200,596
2026-09-13 01:14:12,INFO,/api/login,200,253
2026-09-13 01:14:14,INFO,/api/cart,200,579
2026-09-13 01:14:16,ERROR,/api/logout,500,488
2026-09-13 01:14:18,INFO,/api/login,200,484
2026-09-13 01:14:20,INFO,/api/logout,200,539
2026-09-13 01:14:22,ERROR,/api/payment,500,474
2026-09-13 01:14:24,WARN,/api/payment,400,585
2026-09-13 01:14:26,WARN,/api/logout,404,578
2026-09-13 01:14:28,ERROR,/api/login,500,174
2026-09-13 01:14:30,WARN,/api/payment,404,246
2026-09-13 01:14:32,WARN,/api/login,400,478
2026-09-13 01:14:34,INFO,/api/payment,200,410
2026-09-13 01:14:36,ERROR,/api/products,500,393
2026-09-13 01:14:38,INFO,/api/logout,200,598
2026-09-13 01:14:40,INFO,/api/logout,200,355
2026-09-13 01:14:42,INFO,/api/cart,201,100
2026-09-13 01:14:44,INFO,/api/products,200,94
2026-09-13 01:14:46,ERROR,/api/payment,500,440
2026-09-13 01:14:48,INFO,/api/payment,201,87
2026-09-13 01:14:50,WARN,/api/logout,404,573
2026-09-13 01:14:52,WARN,/api/cart,404,281
2026-09-13 01:14:54,INFO,/api/cart,201,318
2026-09-13 01:14:56,INFO,/api/cart,200,483
2026-09-13 01:14:58,INFO,/api/payment,200,480
2026-09-13 01:15:00,ERROR,/api/logout,500,589
2026-09-13 01:15:02,INFO,/api/login,200,289
2026-09-13 01:15:04,INFO,/api/login,200,301
2026-09-13 01:15:06,INFO,/api/cart,200,96
2026-09-13 01:15:08,INFO,/api/cart,200,115
2026-09-13 01:15:10,WARN,/api/cart,404,556
2026-09-13 01:15:12,WARN,/api/logout,400,388
2026-09-13 01:15:14,INFO,/api/logout,200,530
2026-09-13 01:15:16,INFO,/api/products,200,454
2026-09-13 01:15:18,INFO,/api/products,200,347
2026-09-13 01:15:20,INFO,/api/payment,200,404
2026-09-13 01:15:22,WARN,/api/cart,400,362
2026-09-13 01:15:24,ERROR,/api/cart,500,566
2026-09-13 01:15:26,WARN,/api/cart,404,448
2026-09-13 01:15:28,INFO,/api/products,200,572
2026-09-13 01:15:30,INFO,/api/login,200,259
2026-09-13 01:15:32,INFO,/api/payment,200,575
2026-09-13 01:15:34,INFO,/api/payment,201,249
2026-09-13 01:15:36,INFO,/api/logout,200,599
2026-09-13 01:15:38,INFO,/api/cart,200,580
2026-09-13 01:15:40,WARN,/api/login,400,166
2026-09-13 01:15:42,INFO,/api/logout,200,545
2026-09-13 01:15:44,INFO,/api/cart,201,480
2026-09-13 01:15:46,WARN,/api/cart,400,419
2026-09-13 01:15:48,INFO,/api/payment,200,467
2026-09-13 01:15:50,INFO,/api/logout,200,167
2026-09-13 01:15:52,INFO,/api/login,200,583
2026-09-13 01:15:54,INFO,/api/products,201,141
2026-09-13 01:15:56,INFO,/api/payment,200,101
2026-09-13 01:15:58,WARN,/api/payment,400,130
2026-09-13 01:16:00,WARN,/api/cart,404,507
2026-09-13 01:16:02,WARN,/api/payment,404,570
2026-09-13 01:16:04,WARN,/api/logout,404,336
2026-09-13 01:16:06,INFO,/api/cart,200,109
2026-09-13 01:16:08,INFO,/api/payment,200,157
2026-09-13 01:16:10,INFO,/api/login,200,95
2026-09-13 01:16:12,INFO,/api/cart,201,221
2026-09-13 01:16:14,INFO,/api/payment,200,143
2026-09-13 01:16:16,INFO,/api/login,200,89
2026-09-13 01:16:18,INFO,/api/payment,200,591
2026-09-13 01:16:20,ERROR,/api/login,500,533
2026-09-13 01:16:22,INFO,/api/payment,200,563
2026-09-13 01:16:24,WARN,/api/logout,404,182
2026-09-13 01:16:26,WARN,/api/login,404,442
2026-09-13 01:16:28,INFO,/api/payment,200,111
2026-09-13 01:16:30,INFO,/api/payment,200,586
2026-09-13 01:16:32,WARN,/api/login,404,97
2026-09-13 01:16:34,WARN,/api/cart,404,144
2026-09-13 01:16:36,WARN,/api/payment,404,488
2026-09-13 01:16:38,INFO,/api/payment,200,553
2026-09-13 01:16:40,ERROR,/api/cart,500,381
2026-09-13 01:16:42,WARN,/api/login,400,454
2026-09-13 01:16:44,WARN,/api/logout,400,190
2026-09-13 01:16:46,INFO,/api/payment,200,592
2026-09-13 01:16:48,WARN,/api/products,400,534
2026-09-13 01:16:50,ERROR,/api/payment,500,243
2026-09-13 01:16:52,INFO,/api/logout,201,153
2026-09-13 01:16:54,INFO,/api/login,200,481
2026-09-13 01:16:56,INFO,/api/logout,201,166
2026-09-13 01:16:58,WARN,/api/cart,400,215
2026-09-13 01:17:00,INFO,/api/cart,200,247
2026-09-13 01:17:02,INFO,/api/logout,200,111
2026-09-13 01:17:04,INFO,/api/products,200,595
2026-09-13 01:17:06,WARN,/api/products,400,591
2026-09-13 01:17:08,INFO,/api/payment,201,251
2026-09-13 01:17:10,INFO,/api/login,201,223
2026-09-13 01:17:12,ERROR,/api/payment,500,428
2026-09-13 01:17:14,INFO,/api/login,200,122
2026-09-13 01:17:16,ERROR,/api/logout,500,236
2026-09-13 01:17:18,INFO,/api/login,201,268
2026-09-13 01:17:20,INFO,/api/logout,201,408
2026-09-13 01:17:22,INFO,/api/products,200,182
2026-09-13 01:17:24,INFO,/api/cart,201,280
2026-09-13 01:17:26,WARN,/api/logout,400,466
2026-09-13 01:17:28,ERROR,/api/logout,500,532
2026-09-13 01:17:30,INFO,/api/payment,201,101
2026-09-13 01:17:32,INFO,/api/payment,201,290
2026-09-13 01:17:34,ERROR,/api/cart,500,469
2026-09-13 01:17:36,ERROR,/api/logout,500,242
2026-09-13 01:17:38,WARN,/api/cart,404,353
2026-09-13 01:17:40,INFO,/api/login,200,376
2026-09-13 01:17:42,INFO,/api/cart,201,523
2026-09-13 01:17:44,INFO,/api/cart,200,522
2026-09-13 01:17:46,WARN,/api/payment,404,536
2026-09-13 01:17:48,ERROR,/api/cart,500,412
2026-09-13 01:17:50,INFO,/api/cart,200,515
2026-09-13 01:17:52,INFO,/api/cart,200,296
2026-09-13 01:17:54,WARN,/api/products,404,111
2026-09-13 01:17:56,ERROR,/api/cart,500,534
2026-09-13 01:17:58,WARN,/api/logout,400,412
2026-09-13 01:18:00,INFO,/api/logout,200,220
2026-09-13 01:18:02,ERROR,/api/login,500,316
2026-09-13 01:18:04,INFO,/api/logout,200,180
2026-09-13 01:18:06,INFO,/api/products,200,93
2026-09-13 01:18:08,WARN,/api/payment,404,222
2026-09-13 01:18:10,WARN,/api/login,400,440
2026-09-13 01:18:12,WARN,/api/logout,400,264
2026-09-13 01:18:14,INFO,/api/payment,200,127
2026-09-13 01:18:16,INFO,/api/products,200,240
2026-09-13 01:18:18,INFO,/api/login,201,459
2026-09-13 01:18:20,INFO,/api/products,200,408
2026-09-13 01:18:22,WARN,/api/logout,404,351
2026-09-13 01:18:24,ERROR,/api/cart,500,380
2026-09-13 01:18:26,WARN,/api/payment,404,116
2026-09-13 01:18:28,WARN,/api/products,404,550
2026-09-13 01:18:30,WARN,/api/cart,404,375
2026-09-13 01:18:32,INFO,/api/products,200,301
2026-09-13 01:18:34,WARN,/api/cart,400,76
2026-09-13 01:18:36,INFO,/api/cart,200,541
2026-09-13 01:18:38,INFO,/api/logout,201,174
2026-09-13 01:18:40,INFO,/api/products,200,524
2026-09-13 01:18:42,ERROR,/api/products,500,302
2026-09-13 01:18:44,WARN,/api/login,404,594
2026-09-13 01:18:46,ERROR,/api/login,500,272
2026-09-13 01:18:48,INFO,/api/payment,200,431
2026-09-13 01:18:50,INFO,/api/cart,200,251
2026-09-13 01:18:52,INFO,/api/products,200,439
2026-09-13 01:18:54,WARN,/api/login,400,254
2026-09-13 01:18:56,INFO,/api/logout,200,345
2026-09-13 01:18:58,WARN,/api/products,404,517
2026-09-13 01:19:00,INFO,/api/products,200,106
2026-09-13 01:19:02,INFO,/api/payment,200,498
2026-09-13 01:19:04,INFO,/api/payment,200,329
2026-09-13 01:19:06,ERROR,/api/products,500,84
2026-09-13 01:19:08,INFO,/api/login,201,208
2026-09-13 01:19:10,WARN,/api/cart,400,442
2026-09-13 01:19:12,ERROR,/api/login,500,347
2026-09-13 01:19:14,WARN,/api/logout,400,386
2026-09-13 01:19:16,INFO,/api/payment,200,435
2026-09-13 01:19:18,WARN,/api/payment,400,559
2026-09-13 01:19:20,INFO,/api/products,200,456
2026-09-13 01:19:22,WARN,/api/login,404,441
2026-09-13 01:19:24,INFO,/api/logout,200,393
2026-09-13 01:19:26,INFO,/api/products,200,61
2026-09-13 01:19:28,WARN,/api/logout,400,443
2026-09-13 01:19:30,INFO,/api/logout,200,510
2026-09-13 01:19:32,ERROR,/api/cart,500,454
2026-09-13 01:19:34,INFO,/api/payment,200,477
2026-09-13 01:19:36,INFO,/api/login,200,201
2026-09-13 01:19:38,WARN,/api/payment,404,236
2026-09-13 01:19:40,INFO,/api/payment,200,170
2026-09-13 01:19:42,INFO,/api/payment,200,133
2026-09-13 01:19:44,WARN,/api/login,400,535
2026-09-13 01:19:46,WARN,/api/cart,400,375
2026-09-13 01:19:48,ERROR,/api/products,500,562
2026-09-13 01:19:50,INFO,/api/products,200,120
2026-09-13 01:19:52,INFO,/api/login,200,186
2026-09-13 01:19:54,WARN,/api/logout,404,499
2026-09-13 01:19:56,WARN,/api/logout,404,587
2026-09-13 01:19:58,INFO,/api/logout,200,185
2026-09-13 01:20:00,INFO,/api/login,200,406
2026-09-13 01:20:02,INFO,/api/payment,200,554
2026-09-13 01:20:04,WARN,/api/login,404,594
2026-09-13 01:20:06,ERROR,/api/login,500,261
2026-09-13 01:20:08,INFO,/api/cart,200,479
2026-09-13 01:20:10,INFO,/api/logout,200,376
2026-09-13 01:20:12,WARN,/api/cart,400,120
2026-09-13 01:20:14,INFO,/api/logout,200,91
2026-09-13 01:20:16,INFO,/api/logout,201,291
2026-09-13 01:20:18,WARN,/api/products,404,94
2026-09-13 01:20:20,WARN,/api/logout,400,130
2026-09-13 01:20:22,WARN,/api/products,404,124
2026-09-13 01:20:24,INFO,/api/logout,200,167
2026-09-13 01:20:26,INFO,/api/payment,200,206
2026-09-13 01:20:28,WARN,/api/cart,400,273
2026-09-13 01:20:30,INFO,/api/payment,200,365
2026-09-13 01:20:32,INFO,/api/payment,200,464
2026-09-13 01:20:34,INFO,/api/payment,201,131
2026-09-13 01:20:36,INFO,/api/logout,200,501
2026-09-13 01:20:38,INFO,/api/login,200,341
2026-09-13 01:20:40,ERROR,/api/products,500,512
2026-09-13 01:20:42,ERROR,/api/login,500,118
2026-09-13 01:20:44,WARN,/api/products,400,390
2026-09-13 01:20:46,INFO,/api/payment,200,528
2026-09-13 01:20:48,INFO,/api/products,200,431
2026-09-13 01:20:50,ERROR,/api/payment,500,463
2026-09-13 01:20:52,INFO,/api/logout,201,498
2026-09-13 01:20:54,WARN,/api/payment,400,467
2026-09-13 01:20:56,INFO,/api/logout,200,490
2026-09-13 01:20:58,INFO,/api/products,200,349
2026-09-13 01:21:00,INFO,/api/products,200,416
2026-09-13 01:21:02,INFO,/api/logout,200,334
2026-09-13 01:21:04,INFO,/api/logout,201,217
2026-09-13 01:21:06,INFO,/api/products,200,244
2026-09-13 01:21:08,INFO,/api/login,200,374
2026-09-13 01:21:10,INFO,/api/logout,200,447
2026-09-13 01:21:12,WARN,/api/cart,400,392
2026-09-13 01:21:14,INFO,/api/logout,200,581
2026-09-13 01:21:16,WARN,/api/products,404,514
2026-09-13 01:21:18,WARN,/api/products,400,289
2026-09-13 01:21:20,WARN,/api/products,404,305
2026-09-13 01:21:22,WARN,/api/logout,404,533
2026-09-13 01:21:24,INFO,/api/products,200,361
2026-09-13 01:21:26,WARN,/api/login,404,479
2026-09-13 01:21:28,ERROR,/api/products,500,236
2026-09-13 01:21:30,INFO,/api/logout,200,290
2026-09-13 01:21:32,INFO,/api/cart,200,100
2026-09-13 01:21:34,INFO,/api/logout,200,264
2026-09-13 01:21:36,WARN,/api/logout,400,319
2026-09-13 01:21:38,WARN,/api/products,400,384
2026-09-13 01:21:40,INFO,/api/login,201,384
2026-09-13 01:21:42,INFO,/api/login,200,196
2026-09-13 01:21:44,INFO,/api/cart,200,163
2026-09-13 01:21:46,INFO,/api/cart,201,337
2026-09-13 01:21:48,WARN,/api/logout,404,325
2026-09-13 01:21:50,INFO,/api/products,200,439
2026-09-13 01:21:52,INFO,/api/payment,200,160
2026-09-13 01:21:54,WARN,/api/products,404,117
2026-09-13 01:21:56,WARN,/api/payment,404,448
2026-09-13 01:21:58,INFO,/api/logout,200,370
2026-09-13 01:22:00,INFO,/api/login,200,61
2026-09-13 01:22:02,INFO,/api/payment,200,63
2026-09-13 01:22:04,WARN,/api/products,400,391
2026-09-13 01:22:06,INFO,/api/login,200,522
2026-09-13 01:22:08,ERROR,/api/logout,500,135
2026-09-13 01:22:10,INFO,/api/payment,200,498
2026-09-13 01:22:12,INFO,/api/logout,200,441
2026-09-13 01:22:14,INFO,/api/cart,200,489
2026-09-13 01:22:16,INFO,/api/cart,200,505
2026-09-13 01:22:18,INFO,/api/payment,201,406
2026-09-13 01:22:20,WARN,/api/cart,400,597
2026-09-13 01:22:22,INFO,/api/payment,200,209
2026-09-13 01:22:24,INFO,/api/logout,201,599
2026-09-13 01:22:26,WARN,/api/cart,400,236
2026-09-13 01:22:28,ERROR,/api/products,500,303
2026-09-13 01:22:30,ERROR,/api/products,500,105
2026-09-13 01:22:32,ERROR,/api/logout,500,299
2026-09-13 01:22:34,ERROR,/api/login,500,358
2026-09-13 01:22:36,ERROR,/api/payment,500,323
2026-09-13 01:22:38,INFO,/api/login,200,491
2026-09-13 01:22:40,INFO,/api/cart,200,463
2026-09-13 01:22:42,INFO,/api/logout,200,122
2026-09-13 01:22:44,INFO,/api/login,201,230
2026-09-13 01:22:46,INFO,/api/logout,200,466
2026-09-13 01:22:48,WARN,/api/products,400,227
2026-09-13 01:22:50,WARN,/api/products,400,205
2026-09-13 01:22:52,WARN,/api/cart,404,143
2026-09-13 01:22:54,INFO,/api/logout,200,285
2026-09-13 01:22:56,INFO,/api/payment,200,505
2026-09-13 01:22:58,ERROR,/api/products,500,567
2026-09-13 01:23:00,WARN,/api/login,400,102
2026-09-13 01:23:02,INFO,/api/products,200,455
2026-09-13 01:23:04,INFO,/api/products,201,188
2026-09-13 01:23:06,ERROR,/api/cart,500,598
2026-09-13 01:23:08,WARN,/api/cart,404,104
2026-09-13 01:23:10,INFO,/api/logout,200,520
2026-09-13 01:23:12,INFO,/api/products,200,112
2026-09-13 01:23:14,INFO,/api/login,200,357
2026-09-13 01:23:16,INFO,/api/login,200,556
2026-09-13 01:23:18,INFO,/api/cart,200,485
2026-09-13 01:23:20,INFO,/api/logout,200,394
2026-09-13 01:23:22,INFO,/api/cart,200,573
2026-09-13 01:23:24,WARN,/api/logout,404,231
2026-09-13 01:23:26,INFO,/api/payment,200,399
2026-09-13 01:23:28,ERROR,/api/cart,500,336
2026-09-13 01:23:30,WARN,/api/login,400,386
2026-09-13 01:23:32,INFO,/api/logout,200,71
2026-09-13 01:23:34,INFO,/api/login,201,315
2026-09-13 01:23:36,INFO,/api/login,200,234
2026-09-13 01:23:38,ERROR,/api/products,500,109
2026-09-13 01:23:40,INFO,/api/login,200,249
2026-09-13 01:23:42,WARN,/api/logout,400,134
2026-09-13 01:23:44,INFO,/api/cart,200,531
2026-09-13 01:23:46,INFO,/api/cart,200,200
2026-09-13 01:23:48,ERROR,/api/cart,500,50
2026-09-13 01:23:50,ERROR,/api/payment,500,89
2026-09-13 01:23:52,INFO,/api/logout,200,107
2026-09-13 01:23:54,ERROR,/api/payment,500,574
2026-09-13 01:23:56,WARN,/api/logout,400,488
2026-09-13 01:23:58,WARN,/api/login,400,173
2026-09-13 01:24:00,WARN,/api/payment,400,393
2026-09-13 01:24:02,WARN,/api/logout,404,435
2026-09-13 01:24:04,INFO,/api/logout,200,166
2026-09-13 01:24:06,WARN,/api/cart,400,262
2026-09-13 01:24:08,INFO,/api/cart,200,240
2026-09-13 01:24:10,INFO,/api/login,201,217
2026-09-13 01:24:12,ERROR,/api/login,500,71
2026-09-13 01:24:14,WARN,/api/logout,400,119
2026-09-13 01:24:16,INFO,/api/cart,200,455
2026-09-13 01:24:18,INFO,/api/login,201,586
2026-09-13 01:24:20,INFO,/api/products,200,78
2026-09-13 01:24:22,WARN,/api/products,400,511
2026-09-13 01:24:24,INFO,/api/logout,201,588
2026-09-13 01:24:26,INFO,/api/products,200,520
2026-09-13 01:24:28,INFO,/api/products,200,300
2026-09-13 01:24:30,INFO,/api/products,200,236
2026-09-13 01:24:32,INFO,/api/cart,200,96
2026-09-13 01:24:34,WARN,/api/cart,404,120
2026-09-13 01:24:36,INFO,/api/cart,200,224
2026-09-13 01:24:38,INFO,/api/cart,200,296
2026-09-13 01:24:40,INFO,/api/products,200,403
2026-09-13 01:24:42,WARN,/api/login,400,200
2026-09-13 01:24:44,INFO,/api/login,200,546
2026-09-13 01:24:46,ERROR,/api/cart,500,84
2026-09-13 01:24:48,WARN,/api/logout,400,367
2026-09-13 01:24:50,INFO,/api/payment,200,495
2026-09-13 01:24:52,INFO,/api/login,200,372
2026-09-13 01:24:54,INFO,/api/payment,201,453
2026-09-13 01:24:56,INFO,/api/login,200,481
2026-09-13 01:24:58,INFO,/api/products,200,221
2026-09-13 01:25:00,ERROR,/api/cart,500,160
2026-09-13 01:25:02,INFO,/api/logout,200,252
2026-09-13 01:25:04,INFO,/api/cart,200,160
2026-09-13 01:25:06,WARN,/api/login,400,582
2026-09-13 01:25:08,WARN,/api/payment,404,64
2026-09-13 01:25:10,WARN,/api/cart,400,563
2026-09-13 01:25:12,INFO,/api/logout,201,322
2026-09-13 01:25:14,INFO,/api/login,200,91
2026-09-13 01:25:16,INFO,/api/login,200,506
2026-09-13 01:25:18,ERROR,/api/login,500,239
2026-09-13 01:25:20,WARN,/api/cart,404,200
2026-09-13 01:25:22,WARN,/api/login,400,297
2026-09-13 01:25:24,INFO,/api/payment,201,165
2026-09-13 01:25:26,INFO,/api/login,200,498
2026-09-13 01:25:28,INFO,/api/login,200,134
2026-09-13 01:25:30,WARN,/api/login,404,119
2026-09-13 01:25:32,INFO,/api/logout,200,566
2026-09-13 01:25:34,WARN,/api/cart,400,355
2026-09-13 01:25:36,WARN,/api/payment,404,384
2026-09-13 01:25:38,INFO,/api/logout,200,540
2026-09-13 01:25:40,INFO,/api/login,200,398
2026-09-13 01:25:42,INFO,/api/products,200,249
2026-09-13 01:25:44,ERROR,/api/logout,500,319
2026-09-13 01:25:46,INFO,/api/logout,200,502
2026-09-13 01:25:48,INFO,/api/products,201,65
2026-09-13 01:25:50,ERROR,/api/login,500,468
2026-09-13 01:25:52,WARN,/api/cart,404,577
2026-09-13 01:25:54,INFO,/api/login,201,355
2026-09-13 01:25:56,INFO,/api/login,200,286
2026-09-13 01:25:58,INFO,/api/logout,200,555
2026-09-13 01:26:00,INFO,/api/products,200,430
2026-09-13 01:26:02,WARN,/api/payment,404,305
2026-09-13 01:26:04,INFO,/api/products,201,412
2026-09-13 01:26:06,ERROR,/api/login,500,478
2026-09-13 01:26:08,WARN,/api/products,404,229
2026-09-13 01:26:10,WARN,/api/payment,404,566
2026-09-13 01:26:12,INFO,/api/cart,200,565
2026-09-13 01:26:14,ERROR,/api/products,500,245
2026-09-13 01:26:16,WARN,/api/login,400,337
2026-09-13 01:26:18,INFO,/api/logout,200,80
2026-09-13 01:26:20,INFO,/api/payment,200,114
2026-09-13 01:26:22,INFO,/api/payment,200,171
2026-09-13 01:26:24,ERROR,/api/cart,500,417
2026-09-13 01:26:26,INFO,/api/cart,200,177
2026-09-13 01:26:28,WARN,/api/cart,400,282
2026-09-13 01:26:30,WARN,/api/cart,400,120
2026-09-13 01:26:32,WARN,/api/logout,400,591
2026-09-13 01:26:34,ERROR,/api/cart,500,526
2026-09-13 01:26:36,INFO,/api/payment,200,580
2026-09-13 01:26:38,INFO,/api/payment,200,118
2026-09-13 01:26:40,INFO,/api/cart,200,107
2026-09-13 01:26:42,INFO,/api/login,201,240
2026-09-13 01:26:44,INFO,/api/payment,200,289
2026-09-13 01:26:46,ERROR,/api/login,500,218
2026-09-13 01:26:48,ERROR,/api/logout,500,228
2026-09-13 01:26:50,INFO,/api/logout,200,313
2026-09-13 01:26:52,INFO,/api/login,200,445
2026-09-13 01:26:54,INFO,/api/products,200,492
2026-09-13 01:26:56,INFO,/api/logout,200,415
2026-09-13 01:26:58,WARN,/api/login,404,511
2026-09-13 01:27:00,INFO,/api/cart,200,109
2026-09-13 01:27:02,INFO,/api/logout,201,306
2026-09-13 01:27:04,ERROR,/api/payment,500,159
2026-09-13 01:27:06,ERROR,/api/logout,500,539
2026-09-13 01:27:08,INFO,/api/products,200,522
2026-09-13 01:27:10,INFO,/api/login,200,411
2026-09-13 01:27:12,ERROR,/api/products,500,113
2026-09-13 01:27:14,INFO,/api/payment,200,57
2026-09-13 01:27:16,WARN,/api/login,404,598
2026-09-13 01:27:18,INFO,/api/cart,200,569
2026-09-13 01:27:20,INFO,/api/login,200,90
2026-09-13 01:27:22,WARN,/api/logout,404,366
2026-09-13 01:27:24,INFO,/api/logout,201,411
2026-09-13 01:27:26,INFO,/api/payment,200,588
2026-09-13 01:27:28,INFO,/api/login,200,375
2026-09-13 01:27:30,INFO,/api/logout,200,521
2026-09-13 01:27:32,INFO,/api/logout,200,184
2026-09-13 01:27:34,INFO,/api/login,201,308
2026-09-13 01:27:36,WARN,/api/payment,404,329
2026-09-13 01:27:38,INFO,/api/logout,200,256
2026-09-13 01:27:40,ERROR,/api/payment,500,592
2026-09-13 01:27:42,WARN,/api/logout,400,81
2026-09-13 01:27:44,INFO,/api/logout,200,147
2026-09-13 01:27:46,INFO,/api/payment,200,266
2026-09-13 01:27:48,ERROR,/api/payment,500,330
2026-09-13 01:27:50,INFO,/api/payment,200,101
2026-09-13 01:27:52,INFO,/api/login,200,265
2026-09-13 01:27:54,WARN,/api/products,400,135
2026-09-13 01:27:56,INFO,/api/login,200,404
2026-09-13 01:27:58,INFO,/api/cart,200,202
2026-09-13 01:28:00,INFO,/api/cart,201,333
2026-09-13 01:28:02,INFO,/api/payment,200,409
2026-09-13 01:28:04,WARN,/api/cart,400,235
2026-09-13 01:28:06,INFO,/api/cart,200,154
2026-09-13 01:28:08,INFO,/api/payment,201,282
2026-09-13 01:28:10,INFO,/api/logout,201,182
2026-09-13 01:28:12,ERROR,/api/payment,500,368
2026-09-13 01:28:14,INFO,/api/logout,200,468
2026-09-13 01:28:16,WARN,/api/payment,400,409
2026-09-13 01:28:18,INFO,/api/cart,200,575
2026-09-13 01:28:20,INFO,/api/login,200,557
2026-09-13 01:28:22,ERROR,/api/login,500,324
2026-09-13 01:28:24,WARN,/api/cart,404,180
2026-09-13 01:28:26,ERROR,/api/login,500,460
2026-09-13 01:28:28,INFO,/api/login,201,402
2026-09-13 01:28:30,WARN,/api/cart,400,187
2026-09-13 01:28:32,INFO,/api/cart,200,237
2026-09-13 01:28:34,INFO,/api/cart,200,518
2026-09-13 01:28:36,INFO,/api/cart,200,315
2026-09-13 01:28:38,INFO,/api/logout,200,239
2026-09-13 01:28:40,WARN,/api/payment,400,160
2026-09-13 01:28:42,INFO,/api/logout,200,586
2026-09-13 01:28:44,ERROR,/api/logout,500,288
2026-09-13 01:28:46,WARN,/api/payment,400,493
2026-09-13 01:28:48,INFO,/api/logout,200,586
2026-09-13 01:28:50,INFO,/api/logout,200,268
2026-09-13 01:28:52,INFO,/api/logout,200,213
2026-09-13 01:28:54,INFO,/api/products,200,368
2026-09-13 01:28:56,INFO,/api/products,200,406
2026-09-13 01:28:58,WARN,/api/login,400,308
2026-09-13 01:29:00,INFO,/api/products,200,89
2026-09-13 01:29:02,ERROR,/api/cart,500,569
2026-09-13 01:29:04,WARN,/api/payment,400,445
2026-09-13 01:29:06,INFO,/api/payment,201,240
2026-09-13 01:29:08,INFO,/api/payment,200,544
2026-09-13 01:29:10,INFO,/api/cart,200,117
2026-09-13 01:29:12,INFO,/api/products,200,188
2026-09-13 01:29:14,INFO,/api/login,200,239
2026-09-13 01:29:16,INFO,/api/products,200,179
2026-09-13 01:29:18,WARN,/api/login,400,408
2026-09-13 01:29:20,WARN,/api/login,404,283
2026-09-13 01:29:22,WARN,/api/login,400,305
2026-09-13 01:29:24,WARN,/api/logout,404,199
2026-09-13 01:29:26,INFO,/api/logout,200,330
2026-09-13 01:29:28,INFO,/api/login,200,299
2026-09-13 01:29:30,WARN,/api/login,404,102
2026-09-13 01:29:32,INFO,/api/products,200,90
2026-09-13 01:29:34,INFO,/api/cart,200,418
2026-09-13 01:29:36,INFO,/api/cart,200,404
2026-09-13 01:29:38,INFO,/api/products,200,201
2026-09-13 01:29:40,INFO,/api/products,200,143
2026-09-13 01:29:42,WARN,/api/logout,400,123
2026-09-13 01:29:44,WARN,/api/login,400,494
2026-09-13 01:29:46,INFO,/api/login,200,273
2026-09-13 01:29:48,INFO,/api/payment,201,102
2026-09-13 01:29:50,INFO,/api/logout,200,361
2026-09-13 01:29:52,INFO,/api/logout,200,396
2026-09-13 01:29:54,WARN,/api/login,404,102
2026-09-13 01:29:56,ERROR,/api/payment,500,517
2026-09-13 01:29:58,INFO,/api/products,200,165
2026-09-13 01:30:00,INFO,/api/products,200,552
2026-09-13 01:30:02,ERROR,/api/logout,500,434
2026-09-13 01:30:04,WARN,/api/logout,400,485
2026-09-13 01:30:06,WARN,/api/payment,404,347
2026-09-13 01:30:08,INFO,/api/cart,200,249
2026-09-13 01:30:10,INFO,/api/payment,200,478
2026-09-13 01:30:12,INFO,/api/products,201,200
2026-09-13 01:30:14,ERROR,/api/cart,500,369
2026-09-13 01:30:16,INFO,/api/cart,200,154
2026-09-13 01:30:18,INFO,/api/cart,201,503
2026-09-13 01:30:20,INFO,/api/logout,200,266
2026-09-13 01:30:22,INFO,/api/payment,201,382
2026-09-13 01:30:24,INFO,/api/cart,200,103
2026-09-13 01:30:26,WARN,/api/cart,404,452
2026-09-13 01:30:28,INFO,/api/payment,201,358
2026-09-13 01:30:30,INFO,/api/products,201,139
2026-09-13 01:30:32,WARN,/api/logout,404,57
2026-09-13 01:30:34,ERROR,/api/products,500,491
2026-09-13 01:30:36,INFO,/api/cart,200,120
2026-09-13 01:30:38,INFO,/api/products,200,539
2026-09-13 01:30:40,INFO,/api/login,201,326
2026-09-13 01:30:42,ERROR,/api/login,500,528
2026-09-13 01:30:44,INFO,/api/login,201,465
2026-09-13 01:30:46,INFO,/api/cart,200,265
2026-09-13 01:30:48,INFO,/api/cart,201,260
2026-09-13 01:30:50,INFO,/api/payment,200,359
2026-09-13 01:30:52,WARN,/api/logout,400,280
2026-09-13 01:30:54,INFO,/api/logout,200,371
2026-09-13 01:30:56,INFO,/api/logout,200,311
2026-09-13 01:30:58,ERROR,/api/login,500,117
2026-09-13 01:31:00,INFO,/api/payment,200,111
2026-09-13 01:31:02,WARN,/api/login,400,116
2026-09-13 01:31:04,ERROR,/api/payment,500,475
2026-09-13 01:31:06,INFO,/api/cart,200,335
2026-09-13 01:31:08,INFO,/api/logout,201,250
2026-09-13 01:31:10,INFO,/api/logout,200,266
2026-09-13 01:31:12,INFO,/api/logout,200,415
2026-09-13 01:31:14,INFO,/api/payment,201,484
2026-09-13 01:31:16,INFO,/api/products,201,396
2026-09-13 01:31:18,INFO,/api/products,200,249
2026-09-13 01:31:20,INFO,/api/payment,201,225
2026-09-13 01:31:22,INFO,/api/logout,200,316
2026-09-13 01:31:24,INFO,/api/login,200,349
2026-09-13 01:31:26,INFO,/api/payment,201,290
2026-09-13 01:31:28,INFO,/api/payment,201,472
2026-09-13 01:31:30,INFO,/api/cart,200,383
2026-09-13 01:31:32,INFO,/api/products,200,569
2026-09-13 01:31:34,ERROR,/api/logout,500,69
2026-09-13 01:31:36,ERROR,/api/products,500,285
2026-09-13 01:31:38,INFO,/api/cart,200,65
2026-09-13 01:31:40,INFO,/api/cart,200,591
2026-09-13 01:31:42,INFO,/api/logout,200,202
2026-09-13 01:31:44,INFO,/api/products,200,137
2026-09-13 01:31:46,WARN,/api/cart,400,308
2026-09-13 01:31:48,INFO,/api/login,200,239
2026-09-13 01:31:50,WARN,/api/products,400,349
2026-09-13 01:31:52,INFO,/api/products,200,419
2026-09-13 01:31:54,INFO,/api/cart,200,50
2026-09-13 01:31:56,INFO,/api/cart,201,453
2026-09-13 01:31:58,WARN,/api/logout,400,355
2026-09-13 01:32:00,INFO,/api/products,201,558
2026-09-13 01:32:02,INFO,/api/payment,200,67
2026-09-13 01:32:04,WARN,/api/payment,400,94
2026-09-13 01:32:06,WARN,/api/payment,404,249
2026-09-13 01:32:08,INFO,/api/login,200,442
2026-09-13 01:32:10,INFO,/api/payment,201,60
2026-09-13 01:32:12,WARN,/api/logout,404,516
2026-09-13 01:32:14,INFO,/api/cart,200,503
2026-09-13 01:32:16,WARN,/api/login,400,82
2026-09-13 01:32:18,INFO,/api/payment,200,133
2026-09-13 01:32:20,WARN,/api/logout,404,396
2026-09-13 01:32:22,INFO,/api/login,200,486
2026-09-13 01:32:24,INFO,/api/logout,200,142
2026-09-13 01:32:26,WARN,/api/logout,400,204
2026-09-13 01:32:28,INFO,/api/cart,200,263
2026-09-13 01:32:30,INFO,/api/logout,200,356
2026-09-13 01:32:32,INFO,/api/cart,200,378
2026-09-13 01:32:34,INFO,/api/login,201,485
2026-09-13 01:32:36,INFO,/api/login,200,526
2026-09-13 01:32:38,INFO,/api/cart,200,284
2026-09-13 01:32:40,ERROR,/api/cart,500,363
2026-09-13 01:32:42,INFO,/api/payment,200,356
2026-09-13 01:32:44,INFO,/api/login,200,400
2026-09-13 01:32:46,INFO,/api/logout,200,144
2026-09-13 01:32:48,INFO,/api/payment,200,384
2026-09-13 01:32:50,INFO,/api/login,200,90
2026-09-13 01:32:52,INFO,/api/logout,200,92
2026-09-13 01:32:54,WARN,/api/login,400,528
2026-09-13 01:32:56,INFO,/api/login,201,274
2026-09-13 01:32:58,INFO,/api/login,200,234
2026-09-13 01:33:00,INFO,/api/products,200,588
2026-09-13 01:33:02,INFO,/api/login,201,240
2026-09-13 01:33:04,INFO,/api/logout,200,178
2026-09-13 01:33:06,INFO,/api/cart,200,74
2026-09-13 01:33:08,WARN,/api/products,404,174
2026-09-13 01:33:10,INFO,/api/logout,200,500
2026-09-13 01:33:12,INFO,/api/login,200,485
2026-09-13 01:33:14,INFO,/api/login,201,540
2026-09-13 01:33:16,INFO,/api/logout,200,524
2026-09-13 01:33:18,WARN,/api/cart,400,214
2026-09-13 01:33:20,WARN,/api/logout,404,287
2026-09-13 01:33:22,INFO,/api/payment,200,311
2026-09-13 01:33:24,INFO,/api/products,200,317
2026-09-13 01:33:26,INFO,/api/cart,200,529
2026-09-13 01:33:28,INFO,/api/logout,200,201
2026-09-13 01:33:30,INFO,/api/logout,200,58
2026-09-13 01:33:32,INFO,/api/cart,200,397
2026-09-13 01:33:34,WARN,/api/login,404,67
2026-09-13 01:33:36,ERROR,/api/payment,500,548
2026-09-13 01:33:38,INFO,/api/payment,201,498
2026-09-13 01:33:40,WARN,/api/logout,400,545
2026-09-13 01:33:42,WARN,/api/login,400,272
2026-09-13 01:33:44,WARN,/api/logout,404,123
2026-09-13 01:33:46,INFO,/api/payment,200,465
2026-09-13 01:33:48,INFO,/api/products,201,385
2026-09-13 01:33:50,INFO,/api/logout,200,590
2026-09-13 01:33:52,WARN,/api/payment,400,186
2026-09-13 01:33:54,INFO,/api/logout,200,129
2026-09-13 01:33:56,INFO,/api/payment,200,272
2026-09-13 01:33:58,ERROR,/api/login,500,596
2026-09-13 01:34:00,INFO,/api/products,200,108
2026-09-13 01:34:02,WARN,/api/cart,400,484
2026-09-13 01:34:04,INFO,/api/payment,201,208
2026-09-13 01:34:06,WARN,/api/cart,404,116
2026-09-13 01:34:08,INFO,/api/logout,200,423
2026-09-13 01:34:10,INFO,/api/cart,200,337
2026-09-13 01:34:12,WARN,/api/login,404,135
2026-09-13 01:34:14,INFO,/api/products,200,539
2026-09-13 01:34:16,ERROR,/api/login,500,331
2026-09-13 01:34:18,INFO,/api/login,200,139
2026-09-13 01:34:20,INFO,/api/products,200,66
2026-09-13 01:34:22,INFO,/api/products,200,495
2026-09-13 01:34:24,WARN,/api/cart,404,65
2026-09-13 01:34:26,INFO,/api/logout,201,267
2026-09-13 01:34:28,INFO,/api/products,201,119
2026-09-13 01:34:30,INFO,/api/login,200,450
2026-09-13 01:34:32,INFO,/api/cart,200,531
2026-09-13 01:34:34,INFO,/api/cart,200,243
2026-09-13 01:34:36,ERROR,/api/products,500,126
2026-09-13 01:34:38,INFO,/api/login,200,90
2026-09-13 01:34:40,INFO,/api/logout,201,583
2026-09-13 01:34:42,INFO,/api/products,201,486
2026-09-13 01:34:44,INFO,/api/cart,200,545
2026-09-13 01:34:46,INFO,/api/payment,201,575
2026-09-13 01:34:48,INFO,/api/login,200,84
2026-09-13 01:34:50,INFO,/api/products,201,568
2026-09-13 01:34:52,WARN,/api/logout,400,179
2026-09-13 01:34:54,WARN,/api/logout,400,367
2026-09-13 01:34:56,WARN,/api/cart,400,287
2026-09-13 01:34:58,INFO,/api/login,200,183
2026-09-13 01:35:00,ERROR,/api/products,500,298
2026-09-13 01:35:02,WARN,/api/payment,400,402
2026-09-13 01:35:04,WARN,/api/login,404,281
2026-09-13 01:35:06,INFO,/api/cart,200,248
2026-09-13 01:35:08,ERROR,/api/login,500,420
2026-09-13 01:35:10,WARN,/api/products,404,573
2026-09-13 01:35:12,ERROR,/api/logout,500,394
2026-09-13 01:35:14,INFO,/api/payment,200,374
2026-09-13 01:35:16,INFO,/api/products,200,240
2026-09-13 01:35:18,INFO,/api/logout,200,548
2026-09-13 01:35:20,INFO,/api/products,200,231
2026-09-13 01:35:22,INFO,/api/logout,200,234
2026-09-13 01:35:24,WARN,/api/logout,404,381
2026-09-13 01:35:26,ERROR,/api/products,500,211
2026-09-13 01:35:28,INFO,/api/cart,200,145
2026-09-13 01:35:30,INFO,/api/payment,200,66
2026-09-13 01:35:32,WARN,/api/cart,404,544
2026-09-13 01:35:34,WARN,/api/products,400,166
2026-09-13 01:35:36,WARN,/api/cart,404,146
2026-09-13 01:35:38,ERROR,/api/products,500,236
2026-09-13 01:35:40,WARN,/api/login,400,157
2026-09-13 01:35:42,INFO,/api/login,200,94
2026-09-13 01:35:44,INFO,/api/cart,200,53
2026-09-13 01:35:46,INFO,/api/logout,200,341
2026-09-13 01:35:48,WARN,/api/products,404,224
2026-09-13 01:35:50,INFO,/api/cart,201,599
2026-09-13 01:35:52,ERROR,/api/cart,500,83
2026-09-13 01:35:54,INFO,/api/products,200,562
2026-09-13 01:35:56,INFO,/api/login,201,171
2026-09-13 01:35:58,INFO,/api/cart,200,323
2026-09-13 01:36:00,INFO,/api/products,200,171
2026-09-13 01:36:02,INFO,/api/cart,200,320
2026-09-13 01:36:04,INFO,/api/cart,200,327
2026-09-13 01:36:06,INFO,/api/payment,200,123
2026-09-13 01:36:08,WARN,/api/cart,404,356
2026-09-13 01:36:10,WARN,/api/logout,404,203
2026-09-13 01:36:12,WARN,/api/payment,400,251
2026-09-13 01:36:14,INFO,/api/logout,200,582
2026-09-13 01:36:16,WARN,/api/payment,404,70
2026-09-13 01:36:18,INFO,/api/login,200,580
2026-09-13 01:36:20,WARN,/api/logout,400,197
2026-09-13 01:36:22,INFO,/api/logout,200,283
2026-09-13 01:36:24,INFO,/api/cart,200,252
2026-09-13 01:36:26,INFO,/api/products,201,509
2026-09-13 01:36:28,WARN,/api/products,400,522
2026-09-13 01:36:30,INFO,/api/cart,200,147
2026-09-13 01:36:32,INFO,/api/products,200,178
2026-09-13 01:36:34,WARN,/api/logout,400,578
2026-09-13 01:36:36,ERROR,/api/payment,500,541
2026-09-13 01:36:38,INFO,/api/login,200,353
2026-09-13 01:36:40,INFO,/api/payment,201,108
2026-09-13 01:36:42,WARN,/api/login,400,531
2026-09-13 01:36:44,INFO,/api/products,200,493
2026-09-13 01:36:46,INFO,/api/logout,200,540
2026-09-13 01:36:48,WARN,/api/login,404,411
2026-09-13 01:36:50,INFO,/api/payment,200,362
2026-09-13 01:36:52,INFO,/api/cart,200,326
2026-09-13 01:36:54,WARN,/api/payment,400,280
2026-09-13 01:36:56,WARN,/api/products,400,174
2026-09-13 01:36:58,WARN,/api/logout,400,540
2026-09-13 01:37:00,INFO,/api/logout,200,118
2026-09-13 01:37:02,INFO,/api/payment,200,497
2026-09-13 01:37:04,INFO,/api/login,200,256
2026-09-13 01:37:06,INFO,/api/logout,200,541
2026-09-13 01:37:08,ERROR,/api/products,500,288
2026-09-13 01:37:10,INFO,/api/login,201,145
2026-09-13 01:37:12,INFO,/api/payment,200,316
2026-09-13 01:37:14,WARN,/api/logout,400,234
2026-09-13 01:37:16,WARN,/api/products,404,536
2026-09-13 01:37:18,INFO,/api/logout,200,592
2026-09-13 01:37:20,INFO,/api/payment,201,578
2026-09-13 01:37:22,INFO,/api/login,200,575
2026-09-13 01:37:24,WARN,/api/cart,404,200
2026-09-13 01:37:26,WARN,/api/payment,404,557
2026-09-13 01:37:28,INFO,/api/login,200,495
2026-09-13 01:37:30,INFO,/api/cart,200,129
2026-09-13 01:37:32,ERROR,/api/login,500,163
2026-09-13 01:37:34,ERROR,/api/logout,500,401
2026-09-13 01:37:36,ERROR,/api/logout,500,188
2026-09-13 01:37:38,ERROR,/api/products,500,380
2026-09-13 01:37:40,INFO,/api/cart,200,67
2026-09-13 01:37:42,ERROR,/api/cart,500,284
2026-09-13 01:37:44,INFO,/api/payment,200,297
2026-09-13 01:37:46,WARN,/api/login,404,172
2026-09-13 01:37:48,INFO,/api/products,200,428
2026-09-13 01:37:50,INFO,/api/login,200,297
2026-09-13 01:37:52,INFO,/api/login,200,340
2026-09-13 01:37:54,INFO,/api/logout,200,131
2026-09-13 01:37:56,INFO,/api/logout,200,359
2026-09-13 01:37:58,WARN,/api/login,404,204
2026-09-13 01:38:00,INFO,/api/login,200,156
2026-09-13 01:38:02,INFO,/api/payment,200,180
2026-09-13 01:38:04,INFO,/api/login,200,541
2026-09-13 01:38:06,INFO,/api/login,200,151
2026-09-13 01:38:08,INFO,/api/products,200,99
2026-09-13 01:38:10,INFO,/api/payment,201,137
2026-09-13 01:38:12,INFO,/api/products,200,397
2026-09-13 01:38:14,INFO,/api/logout,200,363
2026-09-13 01:38:16,WARN,/api/products,400,221
2026-09-13 01:38:18,INFO,/api/products,200,476
2026-09-13 01:38:20,INFO,/api/payment,200,474
2026-09-13 01:38:22,WARN,/api/login,404,323
2026-09-13 01:38:24,WARN,/api/logout,400,264
2026-09-13 01:38:26,WARN,/api/logout,404,369
2026-09-13 01:38:28,ERROR,/api/login,500,562
2026-09-13 01:38:30,INFO,/api/cart,200,90
2026-09-13 01:38:32,ERROR,/api/logout,500,420
2026-09-13 01:38:34,ERROR,/api/login,500,116
2026-09-13 01:38:36,WARN,/api/login,400,453
2026-09-13 01:38:38,INFO,/api/cart,200,142
2026-09-13 01:38:40,WARN,/api/logout,400,565
2026-09-13 01:38:42,INFO,/api/cart,200,491
2026-09-13 01:38:44,INFO,/api/login,200,462
2026-09-13 01:38:46,INFO,/api/payment,200,231
2026-09-13 01:38:48,INFO,/api/products,200,131
2026-09-13 01:38:50,INFO,/api/logout,201,361
2026-09-13 01:38:52,WARN,/api/cart,404,570
2026-09-13 01:38:54,INFO,/api/logout,201,136
2026-09-13 01:38:56,WARN,/api/login,400,337
2026-09-13 01:38:58,WARN,/api/payment,400,285
2026-09-13 01:39:00,INFO,/api/logout,200,131
2026-09-13 01:39:02,INFO,/api/products,200,383
2026-09-13 01:39:04,INFO,/api/products,200,169
2026-09-13 01:39:06,INFO,/api/products,200,320
2026-09-13 01:39:08,INFO,/api/logout,200,284
2026-09-13 01:39:10,WARN,/api/payment,400,64
2026-09-13 01:39:12,INFO,/api/products,200,401
2026-09-13 01:39:14,WARN,/api/products,404,214
2026-09-13 01:39:16,WARN,/api/logout,404,342
2026-09-13 01:39:18,INFO,/api/products,201,142
2026-09-13 01:39:20,INFO,/api/products,201,391
2026-09-13 01:39:22,WARN,/api/logout,400,577
2026-09-13 01:39:24,INFO,/api/logout,200,458
2026-09-13 01:39:26,INFO,/api/payment,200,258
2026-09-13 01:39:28,WARN,/api/payment,404,228
2026-09-13 01:39:30,WARN,/api/login,404,293
2026-09-13 01:39:32,WARN,/api/login,400,456
2026-09-13 01:39:34,ERROR,/api/cart,500,80
2026-09-13 01:39:36,INFO,/api/login,200,294
2026-09-13 01:39:38,INFO,/api/products,200,141
2026-09-13 01:39:40,INFO,/api/logout,201,127
2026-09-13 01:39:42,WARN,/api/login,400,238
2026-09-13 01:39:44,INFO,/api/logout,201,542
2026-09-13 01:39:46,INFO,/api/products,200,204
2026-09-13 01:39:48,ERROR,/api/login,500,537
2026-09-13 01:39:50,WARN,/api/payment,400,278
2026-09-13 01:39:52,INFO,/api/logout,200,219
2026-09-13 01:39:54,INFO,/api/login,201,177
2026-09-13 01:39:56,INFO,/api/logout,200,140
2026-09-13 01:39:58,WARN,/api/logout,400,561
2026-09-13 01:40:00,WARN,/api/cart,404,110
2026-09-13 01:40:02,INFO,/api/products,200,332
2026-09-13 01:40:04,ERROR,/api/login,500,600
2026-09-13 01:40:06,INFO,/api/cart,200,294
2026-09-13 01:40:08,INFO,/api/login,200,476
2026-09-13 01:40:10,ERROR,/api/payment,500,57
2026-09-13 01:40:12,WARN,/api/payment,400,440
2026-09-13 01:40:14,WARN,/api/logout,400,465
2026-09-13 01:40:16,INFO,/api/login,200,532
2026-09-13 01:40:18,WARN,/api/logout,400,341
2026-09-13 01:40:20,INFO,/api/logout,200,203
2026-09-13 01:40:22,INFO,/api/products,201,531
2026-09-13 01:40:24,INFO,/api/login,200,116
2026-09-13 01:40:26,ERROR,/api/login,500,346
2026-09-13 01:40:28,INFO,/api/login,200,153
2026-09-13 01:40:30,ERROR,/api/logout,500,502
2026-09-13 01:40:32,INFO,/api/logout,201,356
2026-09-13 01:40:34,WARN,/api/login,400,366
2026-09-13 01:40:36,WARN,/api/products,404,459
2026-09-13 01:40:38,INFO,/api/payment,200,396
2026-09-13 01:40:40,INFO,/api/login,200,55
2026-09-13 01:40:42,INFO,/api/products,200,135
2026-09-13 01:40:44,WARN,/api/payment,400,489
2026-09-13 01:40:46,WARN,/api/cart,404,460
2026-09-13 01:40:48,INFO,/api/login,200,255
2026-09-13 01:40:50,INFO,/api/payment,200,541
2026-09-13 01:40:52,INFO,/api/payment,200,216
2026-09-13 01:40:54,INFO,/api/products,201,470
2026-09-13 01:40:56,INFO,/api/payment,200,189
2026-09-13 01:40:58,INFO,/api/logout,200,463
2026-09-13 01:41:00,INFO,/api/cart,200,553
2026-09-13 01:41:02,INFO,/api/payment,200,93
2026-09-13 01:41:04,WARN,/api/login,404,529
2026-09-13 01:41:06,INFO,/api/products,200,257
2026-09-13 01:41:08,ERROR,/api/login,500,322
2026-09-13 01:41:10,ERROR,/api/cart,500,343
2026-09-13 01:41:12,INFO,/api/cart,200,420
2026-09-13 01:41:14,WARN,/api/login,404,247
2026-09-13 01:41:16,INFO,/api/cart,201,379
2026-09-13 01:41:18,INFO,/api/logout,200,90
2026-09-13 01:41:20,INFO,/api/logout,200,402
2026-09-13 01:41:22,WARN,/api/logout,400,436
2026-09-13 01:41:24,INFO,/api/cart,200,231
2026-09-13 01:41:26,WARN,/api/cart,400,533
2026-09-13 01:41:28,ERROR,/api/products,500,55
2026-09-13 01:41:30,ERROR,/api/logout,500,449
2026-09-13 01:41:32,INFO,/api/payment,200,441
2026-09-13 01:41:34,WARN,/api/cart,404,296
2026-09-13 01:41:36,INFO,/api/cart,200,533
2026-09-13 01:41:38,INFO,/api/logout,200,146
2026-09-13 01:41:40,INFO,/api/payment,200,588
2026-09-13 01:41:42,WARN,/api/cart,404,58
2026-09-13 01:41:44,WARN,/api/payment,404,475
2026-09-13 01:41:46,ERROR,/api/products,500,304
2026-09-13 01:41:48,INFO,/api/products,200,307
2026-09-13 01:41:50,INFO,/api/products,200,136
2026-09-13 01:41:52,ERROR,/api/payment,500,105
2026-09-13 01:41:54,INFO,/api/products,200,290
2026-09-13 01:41:56,INFO,/api/logout,201,448
2026-09-13 01:41:58,INFO,/api/logout,200,226
2026-09-13 01:42:00,INFO,/api/payment,200,533
2026-09-13 01:42:02,WARN,/api/cart,400,357
2026-09-13 01:42:04,INFO,/api/login,200,306
2026-09-13 01:42:06,INFO,/api/login,201,554
2026-09-13 01:42:08,INFO,/api/products,200,193
2026-09-13 01:42:10,INFO,/api/cart,200,89
2026-09-13 01:42:12,WARN,/api/logout,404,68
2026-09-13 01:42:14,INFO,/api/products,200,192
2026-09-13 01:42:16,INFO,/api/payment,201,475
2026-09-13 01:42:18,INFO,/api/login,200,269
2026-09-13 01:42:20,INFO,/api/products,200,107
2026-09-13 01:42:22,INFO,/api/login,201,388
2026-09-13 01:42:24,INFO,/api/cart,201,196
2026-09-13 01:42:26,INFO,/api/login,201,307
2026-09-13 01:42:28,INFO,/api/cart,200,288
2026-09-13 01:42:30,INFO,/api/cart,200,132
2026-09-13 01:42:32,WARN,/api/login,400,65
2026-09-13 01:42:34,WARN,/api/cart,404,230
2026-09-13 01:42:36,INFO,/api/logout,200,558
2026-09-13 01:42:38,INFO,/api/login,200,554
2026-09-13 01:42:40,INFO,/api/logout,200,83
2026-09-13 01:42:42,ERROR,/api/logout,500,334
2026-09-13 01:42:44,ERROR,/api/products,500,227
2026-09-13 01:42:46,ERROR,/api/products,500,284
2026-09-13 01:42:48,WARN,/api/payment,400,480
2026-09-13 01:42:50,WARN,/api/logout,404,570
2026-09-13 01:42:52,INFO,/api/logout,200,283
2026-09-13 01:42:54,WARN,/api/cart,404,91
2026-09-13 01:42:56,INFO,/api/products,200,183
2026-09-13 01:42:58,ERROR,/api/payment,500,376
2026-09-13 01:43:00,WARN,/api/payment,404,581
2026-09-13 01:43:02,INFO,/api/login,200,503
2026-09-13 01:43:04,WARN,/api/cart,404,599
2026-09-13 01:43:06,INFO,/api/login,201,359
2026-09-13 01:43:08,WARN,/api/payment,400,194
2026-09-13 01:43:10,INFO,/api/payment,200,220
2026-09-13 01:43:12,INFO,/api/login,200,497
2026-09-13 01:43:14,INFO,/api/logout,200,544
2026-09-13 01:43:16,INFO,/api/logout,200,212
2026-09-13 01:43:18,INFO,/api/cart,200,144
2026-09-13 01:43:20,ERROR,/api/login,500,63
2026-09-13 01:43:22,WARN,/api/logout,404,258
2026-09-13 01:43:24,WARN,/api/cart,404,584
2026-09-13 01:43:26,INFO,/api/logout,201,267
2026-09-13 01:43:28,INFO,/api/products,200,414
2026-09-13 01:43:30,INFO,/api/logout,200,90
2026-09-13 01:43:32,INFO,/api/logout,200,167
2026-09-13 01:43:34,INFO,/api/cart,201,325
2026-09-13 01:43:36,INFO,/api/logout,200,93
2026-09-13 01:43:38,WARN,/api/payment,400,462
2026-09-13 01:43:40,INFO,/api/cart,201,413
2026-09-13 01:43:42,INFO,/api/cart,201,162
2026-09-13 01:43:44,INFO,/api/login,200,598
2026-09-13 01:43:46,INFO,/api/products,200,181
2026-09-13 01:43:48,WARN,/api/payment,404,62
2026-09-13 01:43:50,WARN,/api/logout,404,173
2026-09-13 01:43:52,INFO,/api/login,200,131
2026-09-13 01:43:54,WARN,/api/login,400,527
2026-09-13 01:43:56,INFO,/api/cart,200,286
2026-09-13 01:43:58,INFO,/api/products,200,345
2026-09-13 01:44:00,INFO,/api/logout,200,596
2026-09-13 01:44:02,WARN,/api/cart,400,511
2026-09-13 01:44:04,INFO,/api/products,200,596
2026-09-13 01:44:06,WARN,/api/products,404,310
2026-09-13 01:44:08,INFO,/api/cart,200,587
2026-09-13 01:44:10,ERROR,/api/logout,500,332
2026-09-13 01:44:12,INFO,/api/logout,200,546
2026-09-13 01:44:14,INFO,/api/cart,200,292
2026-09-13 01:44:16,INFO,/api/products,200,379
2026-09-13 01:44:18,WARN,/api/login,404,459
2026-09-13 01:44:20,ERROR,/api/cart,500,353
2026-09-13 01:44:22,INFO,/api/logout,201,372
2026-09-13 01:44:24,INFO,/api/cart,200,350
2026-09-13 01:44:26,INFO,/api/login,200,53
2026-09-13 01:44:28,ERROR,/api/payment,500,342
2026-09-13 01:44:30,INFO,/api/payment,200,227
2026-09-13 01:44:32,INFO,/api/login,200,319
2026-09-13 01:44:34,WARN,/api/logout,404,488
2026-09-13 01:44:36,INFO,/api/payment,200,244
2026-09-13 01:44:38,INFO,/api/login,200,434
2026-09-13 01:44:40,INFO,/api/payment,200,383
2026-09-13 01:44:42,INFO,/api/products,200,310
2026-09-13 01:44:44,ERROR,/api/payment,500,322
2026-09-13 01:44:46,ERROR,/api/cart,500,155
2026-09-13 01:44:48,INFO,/api/cart,200,265
2026-09-13 01:44:50,INFO,/api/login,200,527
2026-09-13 01:44:52,INFO,/api/products,200,382
2026-09-13 01:44:54,WARN,/api/login,400,277
2026-09-13 01:44:56,ERROR,/api/cart,500,242
2026-09-13 01:44:58,WARN,/api/logout,400,352
2026-09-13 01:45:00,WARN,/api/payment,400,88
2026-09-13 01:45:02,WARN,/api/products,404,115
2026-09-13 01:45:04,INFO,/api/logout,200,164
2026-09-13 01:45:06,INFO,/api/logout,200,180
2026-09-13 01:45:08,INFO,/api/payment,200,132
2026-09-13 01:45:10,ERROR,/api/login,500,71
2026-09-13 01:45:12,WARN,/api/cart,400,75
2026-09-13 01:45:14,INFO,/api/login,200,203
2026-09-13 01:45:16,INFO,/api/logout,200,126
2026-09-13 01:45:18,WARN,/api/payment,404,292
2026-09-13 01:45:20,INFO,/api/logout,200,244
2026-09-13 01:45:22,INFO,/api/products,200,60
2026-09-13 01:45:24,INFO,/api/payment,200,139
2026-09-13 01:45:26,INFO,/api/payment,200,60
2026-09-13 01:45:28,ERROR,/api/login,500,259
2026-09-13 01:45:30,INFO,/api/cart,200,426
2026-09-13 01:45:32,INFO,/api/products,200,347
2026-09-13 01:45:34,INFO,/api/login,200,435
2026-09-13 01:45:36,ERROR,/api/payment,500,542
2026-09-13 01:45:38,INFO,/api/logout,201,362
2026-09-13 01:45:40,INFO,/api/cart,200,229
2026-09-13 01:45:42,INFO,/api/cart,200,255
2026-09-13 01:45:44,INFO,/api/login,200,156
2026-09-13 01:45:46,INFO,/api/logout,200,393
2026-09-13 01:45:48,INFO,/api/login,200,431
2026-09-13 01:45:50,INFO,/api/products,200,249
2026-09-13 01:45:52,ERROR,/api/logout,500,276
2026-09-13 01:45:54,INFO,/api/products,200,598
2026-09-13 01:45:56,INFO,/api/products,200,80
2026-09-13 01:45:58,WARN,/api/payment,404,409
2026-09-13 01:46:00,ERROR,/api/cart,500,347
2026-09-13 01:46:02,INFO,/api/cart,200,124
2026-09-13 01:46:04,INFO,/api/login,200,533
2026-09-13 01:46:06,WARN,/api/payment,400,144
2026-09-13 01:46:08,INFO,/api/products,200,487
2026-09-13 01:46:10,ERROR,/api/payment,500,410
2026-09-13 01:46:12,INFO,/api/products,200,182
2026-09-13 01:46:14,INFO,/api/payment,200,167
2026-09-13 01:46:16,INFO,/api/logout,200,263
2026-09-13 01:46:18,WARN,/api/payment,400,216
2026-09-13 01:46:20,WARN,/api/payment,400,370
2026-09-13 01:46:22,WARN,/api/payment,404,311
2026-09-13 01:46:24,INFO,/api/cart,200,325
2026-09-13 01:46:26,ERROR,/api/payment,500,63
2026-09-13 01:46:28,WARN,/api/login,400,96
2026-09-13 01:46:30,INFO,/api/logout,200,555
2026-09-13 01:46:32,INFO,/api/cart,200,297
2026-09-13 01:46:34,INFO,/api/payment,200,233
2026-09-13 01:46:36,INFO,/api/logout,200,50
2026-09-13 01:46:38,WARN,/api/login,404,415
2026-09-13 01:46:40,INFO,/api/logout,200,468
2026-09-13 01:46:42,INFO,/api/login,200,205
2026-09-13 01:46:44,INFO,/api/payment,200,382
2026-09-13 01:46:46,INFO,/api/cart,200,344
2026-09-13 01:46:48,INFO,/api/login,200,178
2026-09-13 01:46:50,WARN,/api/payment,400,118
2026-09-13 01:46:52,INFO,/api/logout,200,581
2026-09-13 01:46:54,WARN,/api/login,404,462
2026-09-13 01:46:56,WARN,/api/cart,400,69
2026-09-13 01:46:58,ERROR,/api/cart,500,358
2026-09-13 01:47:00,WARN,/api/products,404,296
2026-09-13 01:47:02,INFO,/api/login,200,113
2026-09-13 01:47:04,INFO,/api/payment,200,489
2026-09-13 01:47:06,ERROR,/api/logout,500,118
2026-09-13 01:47:08,INFO,/api/login,200,425
2026-09-13 01:47:10,INFO,/api/payment,200,121
2026-09-13 01:47:12,WARN,/api/login,404,217
2026-09-13 01:47:14,INFO,/api/login,200,239
2026-09-13 01:47:16,INFO,/api/login,201,185
2026-09-13 01:47:18,ERROR,/api/products,500,142
2026-09-13 01:47:20,INFO,/api/logout,200,60
2026-09-13 01:47:22,INFO,/api/logout,200,477
2026-09-13 01:47:24,INFO,/api/products,200,264
2026-09-13 01:47:26,INFO,/api/payment,200,142
2026-09-13 01:47:28,INFO,/api/cart,200,240
2026-09-13 01:47:30,INFO,/api/cart,200,475
2026-09-13 01:47:32,INFO,/api/products,200,417
2026-09-13 01:47:34,WARN,/api/products,404,490
2026-09-13 01:47:36,WARN,/api/login,404,344
2026-09-13 01:47:38,INFO,/api/cart,200,181
2026-09-13 01:47:40,INFO,/api/products,200,435
2026-09-13 01:47:42,INFO,/api/cart,201,598
2026-09-13 01:47:44,INFO,/api/products,200,514
2026-09-13 01:47:46,ERROR,/api/logout,500,574
2026-09-13 01:47:48,INFO,/api/products,200,358
2026-09-13 01:47:50,INFO,/api/login,200,393
2026-09-13 01:47:52,INFO,/api/payment,200,400
2026-09-13 01:47:54,INFO,/api/payment,200,347
2026-09-13 01:47:56,ERROR,/api/products,500,354
2026-09-13 01:47:58,ERROR,/api/products,500,216
2026-09-13 01:48:00,INFO,/api/payment,200,127
2026-09-13 01:48:02,INFO,/api/products,200,244
2026-09-13 01:48:04,INFO,/api/cart,200,163
2026-09-13 01:48:06,WARN,/api/products,400,420
2026-09-13 01:48:08,ERROR,/api/logout,500,448
2026-09-13 01:48:10,ERROR,/api/logout,500,139
2026-09-13 01:48:12,INFO,/api/cart,200,344
2026-09-13 01:48:14,ERROR,/api/logout,500,479
2026-09-13 01:48:16,WARN,/api/products,404,221
2026-09-13 01:48:18,WARN,/api/cart,400,210
2026-09-13 01:48:20,INFO,/api/products,201,534
2026-09-13 01:48:22,INFO,/api/login,201,522
2026-09-13 01:48:24,WARN,/api/login,400,224
2026-09-13 01:48:26,INFO,/api/login,200,268
2026-09-13 01:48:28,WARN,/api/payment,404,274
2026-09-13 01:48:30,INFO,/api/payment,201,225
2026-09-13 01:48:32,WARN,/api/logout,404,391
2026-09-13 01:48:34,INFO,/api/logout,201,208
2026-09-13 01:48:36,INFO,/api/cart,200,567
2026-09-13 01:48:38,ERROR,/api/products,500,233
2026-09-13 01:48:40,WARN,/api/payment,404,303
2026-09-13 01:48:42,INFO,/api/cart,200,204
2026-09-13 01:48:44,ERROR,/api/products,500,305
2026-09-13 01:48:46,ERROR,/api/products,500,372
2026-09-13 01:48:48,INFO,/api/login,200,99
2026-09-13 01:48:50,INFO,/api/products,200,176
2026-09-13 01:48:52,INFO,/api/cart,200,53
2026-09-13 01:48:54,INFO,/api/login,200,395
2026-09-13 01:48:56,INFO,/api/cart,201,378
2026-09-13 01:48:58,INFO,/api/logout,200,117
2026-09-13 01:49:00,INFO,/api/login,200,477
2026-09-13 01:49:02,INFO,/api/cart,200,518
2026-09-13 01:49:04,INFO,/api/payment,200,61
2026-09-13 01:49:06,WARN,/api/logout,404,407
2026-09-13 01:49:08,WARN,/api/products,404,406
2026-09-13 01:49:10,WARN,/api/cart,400,377
2026-09-13 01:49:12,INFO,/api/payment,200,245
2026-09-13 01:49:14,INFO,/api/logout,200,398
2026-09-13 01:49:16,WARN,/api/logout,404,368
2026-09-13 01:49:18,WARN,/api/products,400,225
2026-09-13 01:49:20,ERROR,/api/cart,500,358
2026-09-13 01:49:22,ERROR,/api/logout,500,494
2026-09-13 01:49:24,WARN,/api/products,400,536
2026-09-13 01:49:26,WARN,/api/payment,400,105
2026-09-13 01:49:28,WARN,/api/logout,400,146
2026-09-13 01:49:30,ERROR,/api/payment,500,519
2026-09-13 01:49:32,INFO,/api/payment,200,494
2026-09-13 01:49:34,INFO,/api/logout,200,429
2026-09-13 01:49:36,ERROR,/api/login,500,262
2026-09-13 01:49:38,ERROR,/api/products,500,525
2026-09-13 01:49:40,INFO,/api/logout,200,266
2026-09-13 01:49:42,INFO,/api/logout,200,124
2026-09-13 01:49:44,INFO,/api/login,200,114
2026-09-13 01:49:46,INFO,/api/products,200,243
2026-09-13 01:49:48,WARN,/api/payment,400,475
2026-09-13 01:49:50,INFO,/api/payment,200,416
2026-09-13 01:49:52,INFO,/api/products,201,326
2026-09-13 01:49:54,INFO,/api/logout,200,75
2026-09-13 01:49:56,WARN,/api/logout,404,322
2026-09-13 01:49:58,INFO,/api/products,200,321
2026-09-13 01:50:00,WARN,/api/payment,404,454
2026-09-13 01:50:02,ERROR,/api/cart,500,458
2026-09-13 01:50:04,INFO,/api/logout,200,542
2026-09-13 01:50:06,INFO,/api/products,200,172
2026-09-13 01:50:08,INFO,/api/products,200,262
2026-09-13 01:50:10,INFO,/api/login,200,248
2026-09-13 01:50:12,INFO,/api/login,200,287
2026-09-13 01:50:14,ERROR,/api/products,500,154
2026-09-13 01:50:16,INFO,/api/products,200,163
2026-09-13 01:50:18,WARN,/api/cart,400,223
2026-09-13 01:50:20,ERROR,/api/logout,500,494
2026-09-13 01:50:22,INFO,/api/logout,200,434
2026-09-13 01:50:24,INFO,/api/cart,201,217
2026-09-13 01:50:26,INFO,/api/payment,201,195
2026-09-13 01:50:28,ERROR,/api/logout,500,235
2026-09-13 01:50:30,INFO,/api/cart,200,390
2026-09-13 01:50:32,INFO,/api/login,200,537
2026-09-13 01:50:34,INFO,/api/products,201,162
2026-09-13 01:50:36,WARN,/api/login,400,118
2026-09-13 01:50:38,ERROR,/api/cart,500,324
2026-09-13 01:50:40,INFO,/api/products,200,434
2026-09-13 01:50:42,INFO,/api/logout,200,303
2026-09-13 01:50:44,INFO,/api/payment,200,229
2026-09-13 01:50:46,WARN,/api/cart,404,440
2026-09-13 01:50:48,ERROR,/api/products,500,208
2026-09-13 01:50:50,INFO,/api/login,200,286
2026-09-13 01:50:52,WARN,/api/logout,404,146
2026-09-13 01:50:54,INFO,/api/logout,200,335
2026-09-13 01:50:56,ERROR,/api/payment,500,467
2026-09-13 01:50:58,INFO,/api/logout,200,170
2026-09-13 01:51:00,INFO,/api/cart,200,549
2026-09-13 01:51:02,INFO,/api/cart,201,208
2026-09-13 01:51:04,INFO,/api/logout,200,475
2026-09-13 01:51:06,ERROR,/api/logout,500,580
2026-09-13 01:51:08,INFO,/api/login,200,90
2026-09-13 01:51:10,INFO,/api/payment,201,71
2026-09-13 01:51:12,WARN,/api/login,404,131
2026-09-13 01:51:14,INFO,/api/login,201,62
2026-09-13 01:51:16,WARN,/api/logout,404,213
2026-09-13 01:51:18,INFO,/api/logout,200,359
2026-09-13 01:51:20,INFO,/api/payment,200,360
2026-09-13 01:51:22,ERROR,/api/login,500,310
2026-09-13 01:51:24,WARN,/api/products,400,122
2026-09-13 01:51:26,ERROR,/api/products,500,298
2026-09-13 01:51:28,WARN,/api/cart,400,418
2026-09-13 01:51:30,INFO,/api/logout,200,175
2026-09-13 01:51:32,INFO,/api/logout,200,154
2026-09-13 01:51:34,ERROR,/api/login,500,553
2026-09-13 01:51:36,INFO,/api/logout,200,424
2026-09-13 01:51:38,ERROR,/api/cart,500,181
2026-09-13 01:51:40,INFO,/api/payment,200,482
2026-09-13 01:51:42,INFO,/api/products,200,397
2026-09-13 01:51:44,INFO,/api/cart,200,230
2026-09-13 01:51:46,WARN,/api/login,404,566
2026-09-13 01:51:48,WARN,/api/logout,400,372
2026-09-13 01:51:50,INFO,/api/cart,201,176
2026-09-13 01:51:52,INFO,/api/products,200,392
2026-09-13 01:51:54,ERROR,/api/cart,500,305
2026-09-13 01:51:56,INFO,/api/cart,201,152
2026-09-13 01:51:58,INFO,/api/logout,200,569
2026-09-13 01:52:00,INFO,/api/login,200,246
2026-09-13 01:52:02,INFO,/api/logout,200,303
2026-09-13 01:52:04,INFO,/api/logout,200,64
2026-09-13 01:52:06,WARN,/api/logout,404,561
2026-09-13 01:52:08,WARN,/api/products,400,141
2026-09-13 01:52:10,WARN,/api/payment,404,380
2026-09-13 01:52:12,INFO,/api/logout,200,98
2026-09-13 01:52:14,INFO,/api/cart,201,76
2026-09-13 01:52:16,INFO,/api/logout,200,84
2026-09-13 01:52:18,INFO,/api/login,200,334
2026-09-13 01:52:20,INFO,/api/cart,200,402
2026-09-13 01:52:22,INFO,/api/products,201,307
2026-09-13 01:52:24,INFO,/api/logout,200,128
2026-09-13 01:52:26,WARN,/api/logout,400,165
2026-09-13 01:52:28,ERROR,/api/logout,500,224
2026-09-13 01:52:30,INFO,/api/payment,200,110
2026-09-13 01:52:32,WARN,/api/logout,404,524
2026-09-13 01:52:34,INFO,/api/products,201,335
2026-09-13 01:52:36,WARN,/api/cart,400,591
2026-09-13 01:52:38,INFO,/api/payment,200,405
2026-09-13 01:52:40,INFO,/api/cart,200,324
2026-09-13 01:52:42,INFO,/api/products,200,278
2026-09-13 01:52:44,WARN,/api/login,404,593
2026-09-13 01:52:46,ERROR,/api/products,500,369
2026-09-13 01:52:48,ERROR,/api/logout,500,198
2026-09-13 01:52:50,WARN,/api/login,404,108
2026-09-13 01:52:52,ERROR,/api/cart,500,297
2026-09-13 01:52:54,INFO,/api/products,200,340
2026-09-13 01:52:56,ERROR,/api/cart,500,160
2026-09-13 01:52:58,INFO,/api/logout,200,141
2026-09-13 01:53:00,WARN,/api/cart,404,301
2026-09-13 01:53:02,WARN,/api/cart,400,471
2026-09-13 01:53:04,INFO,/api/payment,201,127
2026-09-13 01:53:06,WARN,/api/login,404,501
2026-09-13 01:53:08,INFO,/api/payment,200,483
2026-09-13 01:53:10,INFO,/api/products,201,407
2026-09-13 01:53:12,INFO,/api/cart,201,76
2026-09-13 01:53:14,WARN,/api/cart,404,93
2026-09-13 01:53:16,INFO,/api/logout,200,410
2026-09-13 01:53:18,INFO,/api/login,200,99
2026-09-13 01:53:20,WARN,/api/payment,404,113
2026-09-13 01:53:22,INFO,/api/products,200,235
2026-09-13 01:53:24,INFO,/api/login,200,453
2026-09-13 01:53:26,INFO,/api/login,200,61
2026-09-13 01:53:28,INFO,/api/logout,200,447
2026-09-13 01:53:30,INFO,/api/payment,201,230
2026-09-13 01:53:32,INFO,/api/logout,200,345
2026-09-13 01:53:34,ERROR,/api/payment,500,310
2026-09-13 01:53:36,INFO,/api/logout,201,577
2026-09-13 01:53:38,INFO,/api/login,200,504
2026-09-13 01:53:40,INFO,/api/products,201,59
2026-09-13 01:53:42,INFO,/api/payment,200,421
2026-09-13 01:53:44,INFO,/api/cart,200,259
2026-09-13 01:53:46,INFO,/api/payment,200,323
2026-09-13 01:53:48,INFO,/api/login,200,276
2026-09-13 01:53:50,WARN,/api/payment,400,523
2026-09-13 01:53:52,INFO,/api/logout,201,332
2026-09-13 01:53:54,WARN,/api/payment,400,84
2026-09-13 01:53:56,INFO,/api/cart,201,589
2026-09-13 01:53:58,INFO,/api/logout,200,361
2026-09-13 01:54:00,WARN,/api/cart,400,203
2026-09-13 01:54:02,INFO,/api/logout,201,385
2026-09-13 01:54:04,INFO,/api/products,200,74
2026-09-13 01:54:06,INFO,/api/products,200,381
2026-09-13 01:54:08,INFO,/api/payment,200,98
2026-09-13 01:54:10,WARN,/api/payment,404,268
2026-09-13 01:54:12,INFO,/api/login,200,254
2026-09-13 01:54:14,INFO,/api/products,200,521
2026-09-13 01:54:16,INFO,/api/products,200,319
2026-09-13 01:54:18,INFO,/api/products,201,436
2026-09-13 01:54:20,ERROR,/api/login,500,578
2026-09-13 01:54:22,WARN,/api/products,400,402
2026-09-13 01:54:24,WARN,/api/products,404,575
2026-09-13 01:54:26,INFO,/api/login,201,367
2026-09-13 01:54:28,WARN,/api/payment,400,204
2026-09-13 01:54:30,INFO,/api/cart,200,485
2026-09-13 01:54:32,WARN,/api/logout,404,490
2026-09-13 01:54:34,INFO,/api/payment,200,545
2026-09-13 01:54:36,ERROR,/api/products,500,289
2026-09-13 01:54:38,ERROR,/api/logout,500,60
2026-09-13 01:54:40,WARN,/api/cart,404,439
2026-09-13 01:54:42,INFO,/api/payment,200,554
2026-09-13 01:54:44,INFO,/api/products,200,269
2026-09-13 01:54:46,WARN,/api/payment,400,480
2026-09-13 01:54:48,INFO,/api/cart,200,306
2026-09-13 01:54:50,INFO,/api/logout,200,181
2026-09-13 01:54:52,INFO,/api/logout,200,530
2026-09-13 01:54:54,ERROR,/api/products,500,94
2026-09-13 01:54:56,INFO,/api/payment,200,266
2026-09-13 01:54:58,INFO,/api/products,200,259
2026-09-13 01:55:00,INFO,/api/login,200,396
2026-09-13 01:55:02,WARN,/api/products,404,548
2026-09-13 01:55:04,INFO,/api/payment,200,566
2026-09-13 01:55:06,INFO,/api/payment,200,597
2026-09-13 01:55:08,INFO,/api/login,200,585
2026-09-13 01:55:10,INFO,/api/cart,201,442
2026-09-13 01:55:12,INFO,/api/logout,200,104
2026-09-13 01:55:14,INFO,/api/logout,200,113
2026-09-13 01:55:16,INFO,/api/login,200,434
2026-09-13 01:55:18,INFO,/api/cart,200,271
2026-09-13 01:55:20,INFO,/api/logout,201,562
2026-09-13 01:55:22,WARN,/api/cart,404,83
2026-09-13 01:55:24,INFO,/api/payment,200,258
2026-09-13 01:55:26,INFO,/api/logout,200,337
2026-09-13 01:55:28,INFO,/api/login,200,77
2026-09-13 01:55:30,INFO,/api/payment,200,199
2026-09-13 01:55:32,WARN,/api/cart,404,428
2026-09-13 01:55:34,INFO,/api/logout,200,277
2026-09-13 01:55:36,INFO,/api/login,200,441
2026-09-13 01:55:38,WARN,/api/products,404,445
2026-09-13 01:55:40,WARN,/api/login,400,439
2026-09-13 01:55:42,INFO,/api/cart,200,241
2026-09-13 01:55:44,INFO,/api/logout,200,268
2026-09-13 01:55:46,INFO,/api/login,200,381
2026-09-13 01:55:48,INFO,/api/logout,200,538
2026-09-13 01:55:50,ERROR,/api/payment,500,315
2026-09-13 01:55:52,INFO,/api/cart,200,333
2026-09-13 01:55:54,WARN,/api/logout,400,234
2026-09-13 01:55:56,INFO,/api/logout,200,316
2026-09-13 01:55:58,INFO,/api/login,200,310
2026-09-13 01:56:00,WARN,/api/products,404,117
2026-09-13 01:56:02,INFO,/api/payment,200,111
2026-09-13 01:56:04,INFO,/api/products,200,263
2026-09-13 01:56:06,WARN,/api/logout,400,501
2026-09-13 01:56:08,INFO,/api/products,200,151
2026-09-13 01:56:10,ERROR,/api/products,500,207
2026-09-13 01:56:12,WARN,/api/payment,404,479
2026-09-13 01:56:14,WARN,/api/products,400,496
2026-09-13 01:56:16,INFO,/api/login,200,325
2026-09-13 01:56:18,INFO,/api/logout,200,583
2026-09-13 01:56:20,INFO,/api/cart,200,448
2026-09-13 01:56:22,INFO,/api/login,201,293
2026-09-13 01:56:24,WARN,/api/login,400,77
2026-09-13 01:56:26,INFO,/api/payment,201,368
2026-09-13 01:56:28,ERROR,/api/logout,500,466
2026-09-13 01:56:30,WARN,/api/logout,400,286
2026-09-13 01:56:32,WARN,/api/payment,400,123
2026-09-13 01:56:34,WARN,/api/payment,404,135
2026-09-13 01:56:36,INFO,/api/products,200,464
2026-09-13 01:56:38,WARN,/api/logout,404,379
2026-09-13 01:56:40,ERROR,/api/products,500,554
2026-09-13 01:56:42,ERROR,/api/products,500,270
2026-09-13 01:56:44,WARN,/api/login,404,118
2026-09-13 01:56:46,WARN,/api/cart,400,69
2026-09-13 01:56:48,INFO,/api/products,200,262
2026-09-13 01:56:50,WARN,/api/logout,400,541
2026-09-13 01:56:52,WARN,/api/products,404,342
2026-09-13 01:56:54,INFO,/api/cart,200,92
2026-09-13 01:56:56,WARN,/api/logout,400,410
2026-09-13 01:56:58,INFO,/api/payment,200,113
2026-09-13 01:57:00,INFO,/api/logout,201,443
2026-09-13 01:57:02,INFO,/api/payment,200,142
2026-09-13 01:57:04,WARN,/api/products,400,281
2026-09-13 01:57:06,WARN,/api/login,404,574
2026-09-13 01:57:08,ERROR,/api/cart,500,189
2026-09-13 01:57:10,INFO,/api/payment,200,477
2026-09-13 01:57:12,INFO,/api/payment,201,185
2026-09-13 01:57:14,INFO,/api/payment,200,350
2026-09-13 01:57:16,WARN,/api/products,404,234
2026-09-13 01:57:18,INFO,/api/cart,200,142
2026-09-13 01:57:20,WARN,/api/logout,400,103
2026-09-13 01:57:22,WARN,/api/login,404,148
2026-09-13 01:57:24,INFO,/api/cart,200,573
2026-09-13 01:57:26,WARN,/api/login,404,461
2026-09-13 01:57:28,INFO,/api/cart,200,244
2026-09-13 01:57:30,INFO,/api/cart,200,136
2026-09-13 01:57:32,WARN,/api/payment,400,66
2026-09-13 01:57:34,INFO,/api/cart,201,427
2026-09-13 01:57:36,WARN,/api/cart,400,245
2026-09-13 01:57:38,INFO,/api/cart,200,207
2026-09-13 01:57:40,WARN,/api/payment,400,83
2026-09-13 01:57:42,INFO,/api/products,200,310
2026-09-13 01:57:44,INFO,/api/payment,200,518
2026-09-13 01:57:46,INFO,/api/login,200,556
2026-09-13 01:57:48,ERROR,/api/products,500,595
2026-09-13 01:57:50,WARN,/api/login,404,242
2026-09-13 01:57:52,WARN,/api/payment,400,425
2026-09-13 01:57:54,INFO,/api/cart,200,113
2026-09-13 01:57:56,INFO,/api/cart,200,233
2026-09-13 01:57:58,ERROR,/api/cart,500,85
2026-09-13 01:58:00,INFO,/api/cart,201,298
2026-09-13 01:58:02,WARN,/api/cart,404,508
2026-09-13 01:58:04,INFO,/api/payment,200,570
2026-09-13 01:58:06,INFO,/api/payment,200,263
2026-09-13 01:58:08,ERROR,/api/login,500,172
2026-09-13 01:58:10,WARN,/api/login,400,309
2026-09-13 01:58:12,INFO,/api/login,200,518
2026-09-13 01:58:14,ERROR,/api/logout,500,552
2026-09-13 01:58:16,INFO,/api/payment,201,495
2026-09-13 01:58:18,INFO,/api/logout,200,454
2026-09-13 01:58:20,INFO,/api/logout,200,302
2026-09-13 01:58:22,INFO,/api/cart,200,119
2026-09-13 01:58:24,INFO,/api/products,200,216
2026-09-13 01:58:26,INFO,/api/products,200,364
2026-09-13 01:58:28,INFO,/api/logout,200,178
2026-09-13 01:58:30,INFO,/api/payment,200,124
2026-09-13 01:58:32,ERROR,/api/logout,500,350
2026-09-13 01:58:34,INFO,/api/logout,200,146
2026-09-13 01:58:36,INFO,/api/payment,200,562
2026-09-13 01:58:38,INFO,/api/products,200,327
2026-09-13 01:58:40,INFO,/api/logout,200,272
2026-09-13 01:58:42,INFO,/api/logout,200,200
2026-09-13 01:58:44,WARN,/api/login,404,451
2026-09-13 01:58:46,WARN,/api/login,400,263
2026-09-13 01:58:48,INFO,/api/payment,200,256
2026-09-13 01:58:50,WARN,/api/login,404,536
2026-09-13 01:58:52,ERROR,/api/payment,500,561
2026-09-13 01:58:54,INFO,/api/logout,201,234
2026-09-13 01:58:56,INFO,/api/products,200,561
2026-09-13 01:58:58,WARN,/api/cart,404,274
2026-09-13 01:59:00,INFO,/api/login,200,586
2026-09-13 01:59:02,WARN,/api/logout,400,196
2026-09-13 01:59:04,INFO,/api/products,200,208
2026-09-13 01:59:06,WARN,/api/payment,400,248
2026-09-13 01:59:08,WARN,/api/cart,404,120
2026-09-13 01:59:10,INFO,/api/products,200,337
2026-09-13 01:59:12,WARN,/api/login,404,389
2026-09-13 01:59:14,ERROR,/api/products,500,346
2026-09-13 01:59:16,INFO,/api/payment,200,354
2026-09-13 01:59:18,INFO,/api/login,200,406
2026-09-13 01:59:20,INFO,/api/login,200,99
2026-09-13 01:59:22,INFO,/api/logout,201,430
2026-09-13 01:59:24,INFO,/api/products,200,242
2026-09-13 01:59:26,ERROR,/api/products,500,249
2026-09-13 01:59:28,WARN,/api/logout,400,477
2026-09-13 01:59:30,WARN,/api/payment,404,370
2026-09-13 01:59:32,INFO,/api/products,200,103
2026-09-13 01:59:34,INFO,/api/logout,200,469
2026-09-13 01:59:36,WARN,/api/login,404,171
2026-09-13 01:59:38,WARN,/api/products,400,593
2026-09-13 01:59:40,INFO,/api/payment,200,549
2026-09-13 01:59:42,WARN,/api/logout,404,550
2026-09-13 01:59:44,WARN,/api/payment,404,84
2026-09-13 01:59:46,INFO,/api/logout,200,168
2026-09-13 01:59:48,INFO,/api/products,200,478
2026-09-13 01:59:50,INFO,/api/payment,200,522
2026-09-13 01:59:52,WARN,/api/login,400,113
2026-09-13 01:59:54,INFO,/api/logout,200,394
2026-09-13 01:59:56,WARN,/api/payment,400,573
2026-09-13 01:59:58,INFO,/api/cart,200,445
2026-09-13 02:00:00,INFO,/api/logout,201,233
2026-09-13 02:00:02,INFO,/api/logout,200,383
2026-09-13 02:00:04,INFO,/api/login,201,146
2026-09-13 02:00:06,INFO,/api/login,200,437
2026-09-13 02:00:08,INFO,/api/logout,200,188
2026-09-13 02:00:10,INFO,/api/cart,200,568
2026-09-13 02:00:12,INFO,/api/login,200,444
2026-09-13 02:00:14,INFO,/api/cart,200,311
2026-09-13 02:00:16,INFO,/api/payment,200,440
2026-09-13 02:00:18,WARN,/api/login,404,575
2026-09-13 02:00:20,WARN,/api/login,400,433
2026-09-13 02:00:22,INFO,/api/login,200,467
2026-09-13 02:00:24,INFO,/api/products,200,436
2026-09-13 02:00:26,WARN,/api/cart,400,200
2026-09-13 02:00:28,INFO,/api/logout,200,194
2026-09-13 02:00:30,INFO,/api/cart,201,442
2026-09-13 02:00:32,WARN,/api/products,400,514
2026-09-13 02:00:34,INFO,/api/products,200,325
2026-09-13 02:00:36,INFO,/api/logout,200,50
2026-09-13 02:00:38,WARN,/api/logout,400,238
2026-09-13 02:00:40,INFO,/api/products,200,438
2026-09-13 02:00:42,WARN,/api/products,400,389
2026-09-13 02:00:44,INFO,/api/products,200,82
2026-09-13 02:00:46,INFO,/api/products,200,70
2026-09-13 02:00:48,INFO,/api/products,200,184
2026-09-13 02:00:50,INFO,/api/logout,200,235
2026-09-13 02:00:52,INFO,/api/cart,200,83
2026-09-13 02:00:54,WARN,/api/cart,400,142
2026-09-13 02:00:56,INFO,/api/cart,201,185
2026-09-13 02:00:58,ERROR,/api/login,500,202
2026-09-13 02:01:00,INFO,/api/login,200,339
2026-09-13 02:01:02,INFO,/api/products,200,302
2026-09-13 02:01:04,INFO,/api/payment,200,276
2026-09-13 02:01:06,WARN,/api/products,400,189
2026-09-13 02:01:08,INFO,/api/login,200,182
2026-09-13 02:01:10,INFO,/api/logout,201,514
2026-09-13 02:01:12,WARN,/api/cart,404,525
2026-09-13 02:01:14,INFO,/api/login,200,156
2026-09-13 02:01:16,INFO,/api/login,201,556
2026-09-13 02:01:18,INFO,/api/products,200,209
2026-09-13 02:01:20,INFO,/api/payment,200,195
2026-09-13 02:01:22,INFO,/api/products,200,489
2026-09-13 02:01:24,INFO,/api/payment,201,399
2026-09-13 02:01:26,ERROR,/api/login,500,333
2026-09-13 02:01:28,INFO,/api/logout,200,414
2026-09-13 02:01:30,INFO,/api/products,200,57
2026-09-13 02:01:32,ERROR,/api/login,500,411
2026-09-13 02:01:34,INFO,/api/payment,200,68
2026-09-13 02:01:36,INFO,/api/products,200,446
2026-09-13 02:01:38,WARN,/api/cart,400,590
2026-09-13 02:01:40,INFO,/api/cart,200,543
2026-09-13 02:01:42,INFO,/api/products,201,255
2026-09-13 02:01:44,INFO,/api/login,200,352
2026-09-13 02:01:46,INFO,/api/cart,200,536
2026-09-13 02:01:48,INFO,/api/logout,200,227
2026-09-13 02:01:50,INFO,/api/login,200,569
2026-09-13 02:01:52,WARN,/api/products,400,324
2026-09-13 02:01:54,INFO,/api/login,201,398
2026-09-13 02:01:56,INFO,/api/login,201,115
2026-09-13 02:01:58,WARN,/api/login,400,229
2026-09-13 02:02:00,INFO,/api/login,200,376
2026-09-13 02:02:02,INFO,/api/cart,200,195
2026-09-13 02:02:04,INFO,/api/products,200,431
2026-09-13 02:02:06,INFO,/api/payment,201,116
2026-09-13 02:02:08,WARN,/api/logout,404,512
2026-09-13 02:02:10,INFO,/api/logout,200,316
2026-09-13 02:02:12,WARN,/api/products,404,151
2026-09-13 02:02:14,INFO,/api/login,200,592
2026-09-13 02:02:16,WARN,/api/products,404,64
2026-09-13 02:02:18,INFO,/api/payment,200,577
2026-09-13 02:02:20,ERROR,/api/logout,500,141
2026-09-13 02:02:22,WARN,/api/logout,400,206
2026-09-13 02:02:24,INFO,/api/login,200,453
2026-09-13 02:02:26,INFO,/api/products,200,145
2026-09-13 02:02:28,INFO,/api/login,200,236
2026-09-13 02:02:30,INFO,/api/products,200,163
2026-09-13 02:02:32,ERROR,/api/login,500,208
2026-09-13 02:02:34,INFO,/api/login,200,401
2026-09-13 02:02:36,WARN,/api/payment,404,444
2026-09-13 02:02:38,WARN,/api/cart,404,589
2026-09-13 02:02:40,WARN,/api/login,400,174
2026-09-13 02:02:42,INFO,/api/payment,201,571
2026-09-13 02:02:44,WARN,/api/login,400,92
2026-09-13 02:02:46,INFO,/api/login,201,406
2026-09-13 02:02:48,INFO,/api/login,200,205
2026-09-13 02:02:50,ERROR,/api/logout,500,333
2026-09-13 02:02:52,INFO,/api/payment,200,163
2026-09-13 02:02:54,WARN,/api/products,400,51
2026-09-13 02:02:56,INFO,/api/cart,200,329
2026-09-13 02:02:58,INFO,/api/products,200,458
2026-09-13 02:03:00,ERROR,/api/payment,500,486
2026-09-13 02:03:02,INFO,/api/logout,200,158
2026-09-13 02:03:04,INFO,/api/login,200,522
2026-09-13 02:03:06,INFO,/api/products,201,109
2026-09-13 02:03:08,INFO,/api/payment,200,149
2026-09-13 02:03:10,WARN,/api/cart,404,425
2026-09-13 02:03:12,INFO,/api/products,200,267
2026-09-13 02:03:14,ERROR,/api/cart,500,288
2026-09-13 02:03:16,INFO,/api/login,200,152
2026-09-13 02:03:18,INFO,/api/cart,200,374
2026-09-13 02:03:20,ERROR,/api/logout,500,343
2026-09-13 02:03:22,WARN,/api/payment,400,439
2026-09-13 02:03:24,INFO,/api/payment,200,197
2026-09-13 02:03:26,WARN,/api/login,404,442
2026-09-13 02:03:28,INFO,/api/login,200,264
2026-09-13 02:03:30,WARN,/api/cart,400,142
2026-09-13 02:03:32,INFO,/api/login,200,488
2026-09-13 02:03:34,WARN,/api/cart,404,50
2026-09-13 02:03:36,WARN,/api/payment,404,55
2026-09-13 02:03:38,WARN,/api/logout,404,371
2026-09-13 02:03:40,INFO,/api/payment,201,141
2026-09-13 02:03:42,INFO,/api/logout,200,233
2026-09-13 02:03:44,ERROR,/api/cart,500,130
2026-09-13 02:03:46,INFO,/api/login,201,111
2026-09-13 02:03:48,WARN,/api/logout,400,408
2026-09-13 02:03:50,INFO,/api/logout,200,139
2026-09-13 02:03:52,INFO,/api/login,200,558
2026-09-13 02:03:54,WARN,/api/products,400,332
2026-09-13 02:03:56,INFO,/api/cart,200,332
2026-09-13 02:03:58,WARN,/api/payment,404,577
2026-09-13 02:04:00,WARN,/api/logout,404,162
2026-09-13 02:04:02,INFO,/api/cart,200,330
2026-09-13 02:04:04,INFO,/api/login,200,362
2026-09-13 02:04:06,WARN,/api/products,400,153
2026-09-13 02:04:08,INFO,/api/payment,200,465
2026-09-13 02:04:10,ERROR,/api/cart,500,60
2026-09-13 02:04:12,INFO,/api/login,201,368
2026-09-13 02:04:14,WARN,/api/cart,400,334
2026-09-13 02:04:16,INFO,/api/logout,200,107
2026-09-13 02:04:18,WARN,/api/products,400,61
2026-09-13 02:04:20,INFO,/api/login,201,435
2026-09-13 02:04:22,WARN,/api/login,400,311
2026-09-13 02:04:24,WARN,/api/login,400,149
2026-09-13 02:04:26,INFO,/api/payment,200,387
2026-09-13 02:04:28,INFO,/api/products,201,179
2026-09-13 02:04:30,INFO,/api/cart,200,117
2026-09-13 02:04:32,INFO,/api/products,200,366
2026-09-13 02:04:34,ERROR,/api/logout,500,196
2026-09-13 02:04:36,INFO,/api/payment,200,488
2026-09-13 02:04:38,INFO,/api/login,200,221
2026-09-13 02:04:40,ERROR,/api/payment,500,73
2026-09-13 02:04:42,WARN,/api/payment,404,82
2026-09-13 02:04:44,INFO,/api/login,200,468
2026-09-13 02:04:46,WARN,/api/login,404,233
2026-09-13 02:04:48,WARN,/api/cart,400,453
2026-09-13 02:04:50,INFO,/api/cart,200,546
2026-09-13 02:04:52,WARN,/api/login,404,144
2026-09-13 02:04:54,INFO,/api/cart,201,239
2026-09-13 02:04:56,INFO,/api/cart,200,550
2026-09-13 02:04:58,WARN,/api/payment,400,477
2026-09-13 02:05:00,INFO,/api/cart,200,554
2026-09-13 02:05:02,INFO,/api/login,200,493
2026-09-13 02:05:04,WARN,/api/payment,400,463
2026-09-13 02:05:06,INFO,/api/login,200,227
2026-09-13 02:05:08,WARN,/api/products,404,245
2026-09-13 02:05:10,WARN,/api/logout,400,512
2026-09-13 02:05:12,INFO,/api/products,200,460
2026-09-13 02:05:14,INFO,/api/cart,200,310
2026-09-13 02:05:16,ERROR,/api/login,500,343
2026-09-13 02:05:18,INFO,/api/payment,200,389
2026-09-13 02:05:20,INFO,/api/logout,200,69
2026-09-13 02:05:22,INFO,/api/cart,200,223
2026-09-13 02:05:24,ERROR,/api/cart,500,364
2026-09-13 02:05:26,INFO,/api/login,200,189
2026-09-13 02:05:28,INFO,/api/products,200,517
2026-09-13 02:05:30,ERROR,/api/products,500,145
2026-09-13 02:05:32,INFO,/api/payment,200,95
2026-09-13 02:05:34,WARN,/api/logout,404,159
2026-09-13 02:05:36,INFO,/api/logout,201,464
2026-09-13 02:05:38,INFO,/api/login,201,459
2026-09-13 02:05:40,WARN,/api/payment,404,491
2026-09-13 02:05:42,ERROR,/api/payment,500,320
2026-09-13 02:05:44,INFO,/api/products,200,133
2026-09-13 02:05:46,INFO,/api/logout,200,573
2026-09-13 02:05:48,ERROR,/api/login,500,360
2026-09-13 02:05:50,ERROR,/api/logout,500,457
2026-09-13 02:05:52,INFO,/api/payment,200,242
2026-09-13 02:05:54,INFO,/api/payment,200,214
2026-09-13 02:05:56,INFO,/api/payment,200,57
2026-09-13 02:05:58,INFO,/api/login,200,268
2026-09-13 02:06:00,INFO,/api/payment,200,547
2026-09-13 02:06:02,WARN,/api/logout,404,227
2026-09-13 02:06:04,WARN,/api/products,404,179
2026-09-13 02:06:06,ERROR,/api/cart,500,416
2026-09-13 02:06:08,INFO,/api/logout,200,355
2026-09-13 02:06:10,INFO,/api/cart,201,117
2026-09-13 02:06:12,INFO,/api/cart,200,107
2026-09-13 02:06:14,INFO,/api/cart,200,121
2026-09-13 02:06:16,INFO,/api/cart,200,55
2026-09-13 02:06:18,INFO,/api/logout,200,577
2026-09-13 02:06:20,INFO,/api/payment,201,554
2026-09-13 02:06:22,INFO,/api/products,200,203
2026-09-13 02:06:24,INFO,/api/login,200,595
2026-09-13 02:06:26,INFO,/api/cart,200,205
2026-09-13 02:06:28,WARN,/api/logout,404,173
2026-09-13 02:06:30,INFO,/api/login,200,446
2026-09-13 02:06:32,ERROR,/api/products,500,594
2026-09-13 02:06:34,WARN,/api/products,400,51
2026-09-13 02:06:36,INFO,/api/payment,201,508
2026-09-13 02:06:38,INFO,/api/logout,200,296
2026-09-13 02:06:40,INFO,/api/logout,200,317
2026-09-13 02:06:42,WARN,/api/payment,404,314
2026-09-13 02:06:44,WARN,/api/products,400,273
2026-09-13 02:06:46,WARN,/api/login,400,266
2026-09-13 02:06:48,WARN,/api/cart,400,124
2026-09-13 02:06:50,WARN,/api/payment,400,365
2026-09-13 02:06:52,INFO,/api/login,201,384
2026-09-13 02:06:54,ERROR,/api/products,500,98
2026-09-13 02:06:56,INFO,/api/payment,200,257
2026-09-13 02:06:58,INFO,/api/logout,200,590
2026-09-13 02:07:00,WARN,/api/login,404,521
2026-09-13 02:07:02,WARN,/api/payment,404,249
2026-09-13 02:07:04,ERROR,/api/login,500,257
2026-09-13 02:07:06,INFO,/api/payment,200,211
2026-09-13 02:07:08,INFO,/api/cart,200,493
2026-09-13 02:07:10,WARN,/api/products,400,427
2026-09-13 02:07:12,INFO,/api/cart,200,358
2026-09-13 02:07:14,INFO,/api/products,200,546
2026-09-13 02:07:16,WARN,/api/products,404,278
2026-09-13 02:07:18,INFO,/api/cart,200,393
2026-09-13 02:07:20,WARN,/api/cart,404,557
2026-09-13 02:07:22,INFO,/api/products,200,112
2026-09-13 02:07:24,INFO,/api/products,200,525
2026-09-13 02:07:26,INFO,/api/login,200,481
2026-09-13 02:07:28,INFO,/api/cart,201,192
2026-09-13 02:07:30,INFO,/api/login,201,540
2026-09-13 02:07:32,ERROR,/api/products,500,172
2026-09-13 02:07:34,INFO,/api/logout,200,62
2026-09-13 02:07:36,WARN,/api/payment,400,134
2026-09-13 02:07:38,INFO,/api/login,201,288
2026-09-13 02:07:40,WARN,/api/payment,404,146
2026-09-13 02:07:42,INFO,/api/logout,200,557
2026-09-13 02:07:44,WARN,/api/products,404,363
2026-09-13 02:07:46,INFO,/api/cart,201,313
2026-09-13 02:07:48,INFO,/api/logout,200,55
2026-09-13 02:07:50,INFO,/api/login,201,471
2026-09-13 02:07:52,INFO,/api/logout,201,224
2026-09-13 02:07:54,INFO,/api/products,200,344
2026-09-13 02:07:56,INFO,/api/cart,200,386
2026-09-13 02:07:58,INFO,/api/payment,200,94
2026-09-13 02:08:00,INFO,/api/payment,200,520
2026-09-13 02:08:02,WARN,/api/login,404,304
2026-09-13 02:08:04,INFO,/api/payment,200,568
2026-09-13 02:08:06,INFO,/api/login,201,479
2026-09-13 02:08:08,WARN,/api/payment,404,92
2026-09-13 02:08:10,INFO,/api/products,200,481
2026-09-13 02:08:12,INFO,/api/payment,200,404
2026-09-13 02:08:14,INFO,/api/login,200,387
2026-09-13 02:08:16,INFO,/api/logout,200,100
2026-09-13 02:08:18,INFO,/api/login,200,63
2026-09-13 02:08:20,ERROR,/api/login,500,75
2026-09-13 02:08:22,INFO,/api/payment,200,133
2026-09-13 02:08:24,WARN,/api/products,404,156
2026-09-13 02:08:26,INFO,/api/cart,200,507
2026-09-13 02:08:28,INFO,/api/login,200,167
2026-09-13 02:08:30,INFO,/api/products,200,389
2026-09-13 02:08:32,INFO,/api/cart,201,410
2026-09-13 02:08:34,INFO,/api/products,200,493
2026-09-13 02:08:36,ERROR,/api/payment,500,405
2026-09-13 02:08:38,ERROR,/api/cart,500,112
2026-09-13 02:08:40,ERROR,/api/logout,500,588
2026-09-13 02:08:42,INFO,/api/products,200,277
2026-09-13 02:08:44,INFO,/api/payment,200,534
2026-09-13 02:08:46,INFO,/api/logout,200,433
2026-09-13 02:08:48,INFO,/api/login,200,599
2026-09-13 02:08:50,INFO,/api/cart,201,212
2026-09-13 02:08:52,ERROR,/api/products,500,268
2026-09-13 02:08:54,ERROR,/api/logout,500,92
2026-09-13 02:08:56,INFO,/api/products,200,94
2026-09-13 02:08:58,ERROR,/api/cart,500,600
2026-09-13 02:09:00,ERROR,/api/login,500,433
2026-09-13 02:09:02,INFO,/api/logout,200,593
2026-09-13 02:09:04,INFO,/api/products,200,418
2026-09-13 02:09:06,INFO,/api/cart,200,270
2026-09-13 02:09:08,WARN,/api/cart,404,242
2026-09-13 02:09:10,WARN,/api/products,404,199
2026-09-13 02:09:12,INFO,/api/logout,200,50
2026-09-13 02:09:14,INFO,/api/login,201,64
2026-09-13 02:09:16,ERROR,/api/cart,500,151
2026-09-13 02:09:18,WARN,/api/cart,400,416
2026-09-13 02:09:20,INFO,/api/login,200,337
2026-09-13 02:09:22,INFO,/api/cart,200,182
2026-09-13 02:09:24,WARN,/api/payment,400,517
2026-09-13 02:09:26,WARN,/api/logout,400,563
2026-09-13 02:09:28,ERROR,/api/logout,500,200
2026-09-13 02:09:30,INFO,/api/cart,200,91
2026-09-13 02:09:32,ERROR,/api/products,500,272
2026-09-13 02:09:34,WARN,/api/login,400,408
2026-09-13 02:09:36,ERROR,/api/login,500,248
2026-09-13 02:09:38,INFO,/api/payment,200,329
2026-09-13 02:09:40,INFO,/api/cart,201,153
2026-09-13 02:09:42,INFO,/api/products,200,65
2026-09-13 02:09:44,ERROR,/api/logout,500,187
2026-09-13 02:09:46,INFO,/api/logout,200,513
2026-09-13 02:09:48,INFO,/api/payment,201,240
2026-09-13 02:09:50,INFO,/api/payment,200,224
2026-09-13 02:09:52,INFO,/api/login,200,132
2026-09-13 02:09:54,ERROR,/api/logout,500,253
2026-09-13 02:09:56,INFO,/api/logout,200,236
2026-09-13 02:09:58,INFO,/api/products,200,345
2026-09-13 02:10:00,WARN,/api/payment,404,495
2026-09-13 02:10:02,INFO,/api/products,201,417
2026-09-13 02:10:04,INFO,/api/payment,201,592
2026-09-13 02:10:06,INFO,/api/logout,200,555
2026-09-13 02:10:08,INFO,/api/login,200,249
2026-09-13 02:10:10,INFO,/api/payment,200,102
2026-09-13 02:10:12,INFO,/api/login,200,535
2026-09-13 02:10:14,INFO,/api/login,200,139
2026-09-13 02:10:16,WARN,/api/products,404,576
2026-09-13 02:10:18,WARN,/api/products,404,585
2026-09-13 02:10:20,INFO,/api/products,200,238
2026-09-13 02:10:22,INFO,/api/products,200,205
2026-09-13 02:10:24,WARN,/api/login,404,404
2026-09-13 02:10:26,WARN,/api/payment,400,110
2026-09-13 02:10:28,INFO,/api/login,200,551
2026-09-13 02:10:30,INFO,/api/login,200,192
2026-09-13 02:10:32,INFO,/api/cart,200,225
2026-09-13 02:10:34,ERROR,/api/products,500,129
2026-09-13 02:10:36,WARN,/api/cart,400,250
2026-09-13 02:10:38,INFO,/api/logout,200,504
2026-09-13 02:10:40,WARN,/api/payment,404,416
2026-09-13 02:10:42,ERROR,/api/login,500,597
2026-09-13 02:10:44,INFO,/api/payment,201,516
2026-09-13 02:10:46,INFO,/api/products,201,359
2026-09-13 02:10:48,INFO,/api/login,201,128
2026-09-13 02:10:50,INFO,/api/payment,201,419
2026-09-13 02:10:52,WARN,/api/logout,404,141
2026-09-13 02:10:54,WARN,/api/products,400,463
2026-09-13 02:10:56,INFO,/api/products,200,250
2026-09-13 02:10:58,INFO,/api/cart,200,375
2026-09-13 02:11:00,INFO,/api/products,200,99
2026-09-13 02:11:02,ERROR,/api/payment,500,574
2026-09-13 02:11:04,INFO,/api/payment,200,551
2026-09-13 02:11:06,INFO,/api/cart,201,107
2026-09-13 02:11:08,WARN,/api/products,404,484
2026-09-13 02:11:10,ERROR,/api/payment,500,466
2026-09-13 02:11:12,INFO,/api/products,200,375
2026-09-13 02:11:14,ERROR,/api/cart,500,350
2026-09-13 02:11:16,WARN,/api/payment,404,465
2026-09-13 02:11:18,INFO,/api/cart,201,445
2026-09-13 02:11:20,INFO,/api/logout,200,495
2026-09-13 02:11:22,WARN,/api/login,400,421
2026-09-13 02:11:24,WARN,/api/cart,400,447
2026-09-13 02:11:26,WARN,/api/login,404,239
2026-09-13 02:11:28,INFO,/api/cart,200,412
2026-09-13 02:11:30,WARN,/api/logout,400,360
2026-09-13 02:11:32,INFO,/api/login,200,66
2026-09-13 02:11:34,INFO,/api/payment,201,288
2026-09-13 02:11:36,INFO,/api/payment,201,302
2026-09-13 02:11:38,INFO,/api/payment,201,243
2026-09-13 02:11:40,WARN,/api/products,404,537
2026-09-13 02:11:42,WARN,/api/cart,400,474
2026-09-13 02:11:44,ERROR,/api/cart,500,446
2026-09-13 02:11:46,INFO,/api/login,200,160
2026-09-13 02:11:48,INFO,/api/login,200,365
2026-09-13 02:11:50,WARN,/api/login,404,184
2026-09-13 02:11:52,INFO,/api/login,201,548
2026-09-13 02:11:54,INFO,/api/payment,200,252
2026-09-13 02:11:56,WARN,/api/login,404,482
2026-09-13 02:11:58,INFO,/api/cart,200,409
2026-09-13 02:12:00,ERROR,/api/payment,500,333
2026-09-13 02:12:02,WARN,/api/payment,400,254
2026-09-13 02:12:04,INFO,/api/logout,200,226
2026-09-13 02:12:06,INFO,/api/products,200,237
2026-09-13 02:12:08,WARN,/api/cart,400,564
2026-09-13 02:12:10,INFO,/api/logout,200,191
2026-09-13 02:12:12,INFO,/api/products,200,94
2026-09-13 02:12:14,INFO,/api/logout,201,457
2026-09-13 02:12:16,WARN,/api/logout,404,346
2026-09-13 02:12:18,WARN,/api/login,400,566
2026-09-13 02:12:20,INFO,/api/logout,200,271
2026-09-13 02:12:22,INFO,/api/products,200,600
2026-09-13 02:12:24,INFO,/api/payment,200,140
2026-09-13 02:12:26,WARN,/api/products,400,252
2026-09-13 02:12:28,INFO,/api/cart,200,280
2026-09-13 02:12:30,INFO,/api/payment,200,437
2026-09-13 02:12:32,INFO,/api/cart,200,134
2026-09-13 02:12:34,INFO,/api/cart,200,117
2026-09-13 02:12:36,INFO,/api/payment,200,159
2026-09-13 02:12:38,INFO,/api/logout,201,430
2026-09-13 02:12:40,ERROR,/api/logout,500,189
2026-09-13 02:12:42,INFO,/api/cart,201,474
2026-09-13 02:12:44,INFO,/api/products,200,51
2026-09-13 02:12:46,INFO,/api/logout,200,430
2026-09-13 02:12:48,WARN,/api/payment,400,183
2026-09-13 02:12:50,INFO,/api/logout,201,211
2026-09-13 02:12:52,WARN,/api/logout,400,229
2026-09-13 02:12:54,INFO,/api/login,200,508
2026-09-13 02:12:56,INFO,/api/products,201,270
2026-09-13 02:12:58,INFO,/api/products,201,226
2026-09-13 02:13:00,WARN,/api/logout,400,206
2026-09-13 02:13:02,INFO,/api/payment,200,552
2026-09-13 02:13:04,WARN,/api/logout,404,360
2026-09-13 02:13:06,INFO,/api/login,200,439
2026-09-13 02:13:08,INFO,/api/cart,200,180
2026-09-13 02:13:10,INFO,/api/cart,200,385
2026-09-13 02:13:12,INFO,/api/products,200,351
2026-09-13 02:13:14,ERROR,/api/logout,500,365
2026-09-13 02:13:16,INFO,/api/login,201,193
2026-09-13 02:13:18,ERROR,/api/cart,500,533
2026-09-13 02:13:20,INFO,/api/payment,200,464
2026-09-13 02:13:22,INFO,/api/products,200,103
2026-09-13 02:13:24,INFO,/api/products,200,249
2026-09-13 02:13:26,INFO,/api/products,200,71
2026-09-13 02:13:28,INFO,/api/products,201,358
2026-09-13 02:13:30,INFO,/api/login,200,313
2026-09-13 02:13:32,ERROR,/api/logout,500,62
2026-09-13 02:13:34,INFO,/api/products,201,562
2026-09-13 02:13:36,INFO,/api/payment,201,408
2026-09-13 02:13:38,WARN,/api/login,400,503
2026-09-13 02:13:40,INFO,/api/cart,200,96
2026-09-13 02:13:42,ERROR,/api/login,500,374
2026-09-13 02:13:44,ERROR,/api/payment,500,279
2026-09-13 02:13:46,ERROR,/api/products,500,56
2026-09-13 02:13:48,ERROR,/api/payment,500,150
2026-09-13 02:13:50,INFO,/api/payment,200,155
2026-09-13 02:13:52,INFO,/api/payment,201,595
2026-09-13 02:13:54,INFO,/api/login,201,204
2026-09-13 02:13:56,WARN,/api/login,400,397
2026-09-13 02:13:58,ERROR,/api/logout,500,163
2026-09-13 02:14:00,INFO,/api/products,200,143
2026-09-13 02:14:02,WARN,/api/logout,400,234
2026-09-13 02:14:04,WARN,/api/logout,404,283
2026-09-13 02:14:06,INFO,/api/login,200,193
2026-09-13 02:14:08,INFO,/api/products,200,72
2026-09-13 02:14:10,ERROR,/api/logout,500,580
2026-09-13 02:14:12,ERROR,/api/cart,500,233
2026-09-13 02:14:14,WARN,/api/cart,400,89
2026-09-13 02:14:16,INFO,/api/payment,201,228
2026-09-13 02:14:18,WARN,/api/logout,404,68
2026-09-13 02:14:20,INFO,/api/products,200,408
2026-09-13 02:14:22,INFO,/api/login,200,371
2026-09-13 02:14:24,INFO,/api/login,200,422
2026-09-13 02:14:26,INFO,/api/products,200,557
2026-09-13 02:14:28,INFO,/api/products,200,89
2026-09-13 02:14:30,INFO,/api/login,200,458
2026-09-13 02:14:32,WARN,/api/payment,400,279
2026-09-13 02:14:34,INFO,/api/payment,200,345
2026-09-13 02:14:36,WARN,/api/cart,404,96
2026-09-13 02:14:38,INFO,/api/login,200,441
2026-09-13 02:14:40,INFO,/api/logout,201,422
2026-09-13 02:14:42,INFO,/api/products,200,169
2026-09-13 02:14:44,INFO,/api/logout,200,226
2026-09-13 02:14:46,INFO,/api/products,200,85
2026-09-13 02:14:48,WARN,/api/logout,400,318
2026-09-13 02:14:50,ERROR,/api/login,500,485
2026-09-13 02:14:52,WARN,/api/payment,400,393
2026-09-13 02:14:54,ERROR,/api/logout,500,249
2026-09-13 02:14:56,INFO,/api/logout,200,562
2026-09-13 02:14:58,INFO,/api/products,200,291
2026-09-13 02:15:00,INFO,/api/login,201,173
2026-09-13 02:15:02,INFO,/api/cart,200,492
2026-09-13 02:15:04,ERROR,/api/cart,500,424
2026-09-13 02:15:06,WARN,/api/products,404,96
2026-09-13 02:15:08,INFO,/api/logout,200,172
2026-09-13 02:15:10,WARN,/api/products,400,465
2026-09-13 02:15:12,INFO,/api/products,200,438
2026-09-13 02:15:14,INFO,/api/cart,200,549
2026-09-13 02:15:16,INFO,/api/logout,200,593
2026-09-13 02:15:18,WARN,/api/cart,404,193
2026-09-13 02:15:20,ERROR,/api/logout,500,435
2026-09-13 02:15:22,ERROR,/api/cart,500,448
2026-09-13 02:15:24,WARN,/api/login,400,127
2026-09-13 02:15:26,INFO,/api/payment,200,204
2026-09-13 02:15:28,INFO,/api/cart,200,77
2026-09-13 02:15:30,INFO,/api/login,200,119
2026-09-13 02:15:32,INFO,/api/payment,200,101
2026-09-13 02:15:34,INFO,/api/payment,200,128
2026-09-13 02:15:36,INFO,/api/cart,200,171
2026-09-13 02:15:38,ERROR,/api/logout,500,456
2026-09-13 02:15:40,ERROR,/api/payment,500,489
2026-09-13 02:15:42,INFO,/api/login,201,303
2026-09-13 02:15:44,INFO,/api/cart,200,283
2026-09-13 02:15:46,INFO,/api/products,200,449
2026-09-13 02:15:48,INFO,/api/logout,200,380
2026-09-13 02:15:50,INFO,/api/payment,200,536
2026-09-13 02:15:52,INFO,/api/payment,200,273
2026-09-13 02:15:54,INFO,/api/logout,201,50
2026-09-13 02:15:56,INFO,/api/payment,201,376
2026-09-13 02:15:58,WARN,/api/products,404,211
2026-09-13 02:16:00,INFO,/api/login,201,395
2026-09-13 02:16:02,WARN,/api/payment,400,257
2026-09-13 02:16:04,WARN,/api/payment,400,493
2026-09-13 02:16:06,INFO,/api/login,200,294
2026-09-13 02:16:08,INFO,/api/payment,200,269
2026-09-13 02:16:10,INFO,/api/products,200,169
2026-09-13 02:16:12,INFO,/api/cart,200,401
2026-09-13 02:16:14,INFO,/api/logout,201,502
2026-09-13 02:16:16,WARN,/api/logout,404,406
2026-09-13 02:16:18,ERROR,/api/logout,500,457
2026-09-13 02:16:20,WARN,/api/products,400,176
2026-09-13 02:16:22,ERROR,/api/products,500,75
2026-09-13 02:16:24,INFO,/api/logout,200,474
2026-09-13 02:16:26,WARN,/api/payment,404,562
2026-09-13 02:16:28,ERROR,/api/products,500,484
2026-09-13 02:16:30,INFO,/api/login,200,440
2026-09-13 02:16:32,INFO,/api/logout,200,427
2026-09-13 02:16:34,INFO,/api/payment,200,599
2026-09-13 02:16:36,INFO,/api/payment,200,590
2026-09-13 02:16:38,WARN,/api/login,404,471
2026-09-13 02:16:40,INFO,/api/cart,200,216
2026-09-13 02:16:42,INFO,/api/payment,200,439
2026-09-13 02:16:44,ERROR,/api/payment,500,398
2026-09-13 02:16:46,INFO,/api/logout,200,514
2026-09-13 02:16:48,INFO,/api/login,200,72
2026-09-13 02:16:50,WARN,/api/products,400,244
2026-09-13 02:16:52,INFO,/api/products,201,314
2026-09-13 02:16:54,WARN,/api/products,400,175
2026-09-13 02:16:56,WARN,/api/products,400,55
2026-09-13 02:16:58,ERROR,/api/logout,500,187
2026-09-13 02:17:00,INFO,/api/products,200,196
2026-09-13 02:17:02,WARN,/api/login,400,461
2026-09-13 02:17:04,INFO,/api/login,200,273
2026-09-13 02:17:06,INFO,/api/cart,200,286
2026-09-13 02:17:08,INFO,/api/login,200,577
2026-09-13 02:17:10,INFO,/api/logout,200,390
2026-09-13 02:17:12,WARN,/api/payment,404,367
2026-09-13 02:17:14,INFO,/api/cart,200,131
2026-09-13 02:17:16,INFO,/api/payment,200,299
2026-09-13 02:17:18,INFO,/api/login,200,396
2026-09-13 02:17:20,INFO,/api/logout,200,78
2026-09-13 02:17:22,WARN,/api/payment,400,589
2026-09-13 02:17:24,INFO,/api/login,201,417
2026-09-13 02:17:26,WARN,/api/products,404,504
2026-09-13 02:17:28,ERROR,/api/logout,500,384
2026-09-13 02:17:30,INFO,/api/login,200,219
2026-09-13 02:17:32,INFO,/api/login,200,358
2026-09-13 02:17:34,INFO,/api/login,201,206
2026-09-13 02:17:36,WARN,/api/payment,400,386
2026-09-13 02:17:38,INFO,/api/payment,200,273
2026-09-13 02:17:40,INFO,/api/login,200,241
2026-09-13 02:17:42,WARN,/api/products,404,242
2026-09-13 02:17:44,INFO,/api/payment,200,340
2026-09-13 02:17:46,INFO,/api/products,200,413
2026-09-13 02:17:48,INFO,/api/cart,200,413
2026-09-13 02:17:50,INFO,/api/cart,200,588
2026-09-13 02:17:52,INFO,/api/payment,200,480
2026-09-13 02:17:54,INFO,/api/cart,200,457
2026-09-13 02:17:56,INFO,/api/products,200,274
2026-09-13 02:17:58,INFO,/api/payment,200,323
2026-09-13 02:18:00,WARN,/api/login,404,553
2026-09-13 02:18:02,WARN,/api/login,400,343
2026-09-13 02:18:04,WARN,/api/payment,404,444
2026-09-13 02:18:06,INFO,/api/logout,200,115
2026-09-13 02:18:08,INFO,/api/login,200,291
2026-09-13 02:18:10,INFO,/api/payment,200,194
2026-09-13 02:18:12,WARN,/api/login,404,60
2026-09-13 02:18:14,WARN,/api/logout,404,513
2026-09-13 02:18:16,WARN,/api/payment,400,558
2026-09-13 02:18:18,INFO,/api/cart,200,470
2026-09-13 02:18:20,WARN,/api/cart,400,407
2026-09-13 02:18:22,INFO,/api/products,201,297
2026-09-13 02:18:24,WARN,/api/payment,404,224
2026-09-13 02:18:26,INFO,/api/login,200,536
2026-09-13 02:18:28,INFO,/api/cart,201,188
2026-09-13 02:18:30,INFO,/api/payment,201,426
2026-09-13 02:18:32,WARN,/api/payment,404,59
2026-09-13 02:18:34,INFO,/api/products,200,287
2026-09-13 02:18:36,INFO,/api/payment,200,359
2026-09-13 02:18:38,ERROR,/api/products,500,277
2026-09-13 02:18:40,INFO,/api/payment,200,183
2026-09-13 02:18:42,INFO,/api/login,201,102
2026-09-13 02:18:44,INFO,/api/logout,200,88
2026-09-13 02:18:46,INFO,/api/payment,200,240
2026-09-13 02:18:48,ERROR,/api/logout,500,459
2026-09-13 02:18:50,ERROR,/api/logout,500,480
2026-09-13 02:18:52,INFO,/api/payment,200,453
2026-09-13 02:18:54,INFO,/api/logout,200,226
2026-09-13 02:18:56,WARN,/api/login,404,347
2026-09-13 02:18:58,INFO,/api/payment,200,293
2026-09-13 02:19:00,ERROR,/api/payment,500,583
2026-09-13 02:19:02,INFO,/api/products,201,119
2026-09-13 02:19:04,INFO,/api/logout,200,106
2026-09-13 02:19:06,INFO,/api/logout,200,271
2026-09-13 02:19:08,INFO,/api/login,200,572
2026-09-13 02:19:10,ERROR,/api/products,500,374
2026-09-13 02:19:12,INFO,/api/login,200,83
2026-09-13 02:19:14,WARN,/api/cart,404,163
2026-09-13 02:19:16,INFO,/api/logout,200,446
2026-09-13 02:19:18,INFO,/api/payment,200,478
2026-09-13 02:19:20,INFO,/api/login,200,491
2026-09-13 02:19:22,INFO,/api/payment,200,411
2026-09-13 02:19:24,WARN,/api/products,400,377
2026-09-13 02:19:26,INFO,/api/login,201,433
2026-09-13 02:19:28,INFO,/api/logout,200,135
2026-09-13 02:19:30,INFO,/api/payment,200,454
2026-09-13 02:19:32,WARN,/api/products,404,190
2026-09-13 02:19:34,INFO,/api/logout,200,50
2026-09-13 02:19:36,INFO,/api/logout,200,92
2026-09-13 02:19:38,WARN,/api/payment,404,165
2026-09-13 02:19:40,INFO,/api/payment,200,239
2026-09-13 02:19:42,INFO,/api/payment,200,198
2026-09-13 02:19:44,ERROR,/api/payment,500,152
2026-09-13 02:19:46,WARN,/api/products,400,299
2026-09-13 02:19:48,WARN,/api/products,400,523
2026-09-13 02:19:50,INFO,/api/login,201,185
2026-09-13 02:19:52,INFO,/api/cart,200,250
2026-09-13 02:19:54,WARN,/api/login,404,294
2026-09-13 02:19:56,WARN,/api/products,400,190
2026-09-13 02:19:58,WARN,/api/payment,400,448
2026-09-13 02:20:00,INFO,/api/login,200,469
2026-09-13 02:20:02,INFO,/api/products,200,456
2026-09-13 02:20:04,INFO,/api/products,200,60
2026-09-13 02:20:06,INFO,/api/cart,200,383
2026-09-13 02:20:08,WARN,/api/logout,400,437
2026-09-13 02:20:10,ERROR,/api/logout,500,366
2026-09-13 02:20:12,INFO,/api/products,200,320
2026-09-13 02:20:14,INFO,/api/payment,200,414
2026-09-13 02:20:16,INFO,/api/payment,200,208
2026-09-13 02:20:18,INFO,/api/logout,200,409
2026-09-13 02:20:20,INFO,/api/payment,200,267
2026-09-13 02:20:22,ERROR,/api/payment,500,222
2026-09-13 02:20:24,ERROR,/api/logout,500,555
2026-09-13 02:20:26,INFO,/api/logout,200,114
2026-09-13 02:20:28,INFO,/api/products,200,382
2026-09-13 02:20:30,INFO,/api/logout,200,571
2026-09-13 02:20:32,INFO,/api/login,200,593
2026-09-13 02:20:34,WARN,/api/cart,400,216
2026-09-13 02:20:36,INFO,/api/logout,200,499
2026-09-13 02:20:38,WARN,/api/login,404,241
2026-09-13 02:20:40,INFO,/api/login,200,215
2026-09-13 02:20:42,INFO,/api/products,200,80
2026-09-13 02:20:44,WARN,/api/login,400,597
2026-09-13 02:20:46,WARN,/api/login,400,552
2026-09-13 02:20:48,INFO,/api/cart,201,258
2026-09-13 02:20:50,INFO,/api/login,200,123
2026-09-13 02:20:52,ERROR,/api/products,500,576
2026-09-13 02:20:54,WARN,/api/payment,400,249
2026-09-13 02:20:56,ERROR,/api/logout,500,180
2026-09-13 02:20:58,INFO,/api/logout,200,102
2026-09-13 02:21:00,INFO,/api/cart,200,595
2026-09-13 02:21:02,INFO,/api/products,200,197
2026-09-13 02:21:04,WARN,/api/cart,400,309
2026-09-13 02:21:06,INFO,/api/logout,200,417
2026-09-13 02:21:08,WARN,/api/payment,400,543
2026-09-13 02:21:10,ERROR,/api/logout,500,398
2026-09-13 02:21:12,INFO,/api/logout,200,197
2026-09-13 02:21:14,INFO,/api/payment,200,251
2026-09-13 02:21:16,WARN,/api/login,400,540
2026-09-13 02:21:18,WARN,/api/payment,400,59
2026-09-13 02:21:20,ERROR,/api/cart,500,397
2026-09-13 02:21:22,INFO,/api/cart,200,229
2026-09-13 02:21:24,INFO,/api/login,200,414
2026-09-13 02:21:26,ERROR,/api/logout,500,173
2026-09-13 02:21:28,INFO,/api/products,200,508
2026-09-13 02:21:30,INFO,/api/cart,200,127
2026-09-13 02:21:32,WARN,/api/logout,404,283
2026-09-13 02:21:34,ERROR,/api/cart,500,175
2026-09-13 02:21:36,INFO,/api/cart,200,221
2026-09-13 02:21:38,INFO,/api/payment,200,301
2026-09-13 02:21:40,INFO,/api/cart,200,243
2026-09-13 02:21:42,WARN,/api/logout,404,179
2026-09-13 02:21:44,INFO,/api/cart,200,326
2026-09-13 02:21:46,INFO,/api/cart,200,386
2026-09-13 02:21:48,INFO,/api/products,201,91
2026-09-13 02:21:50,INFO,/api/login,200,280
2026-09-13 02:21:52,WARN,/api/logout,400,198
2026-09-13 02:21:54,INFO,/api/cart,200,411
2026-09-13 02:21:56,INFO,/api/products,200,582
2026-09-13 02:21:58,INFO,/api/cart,200,477
2026-09-13 02:22:00,INFO,/api/products,200,304
2026-09-13 02:22:02,INFO,/api/cart,200,252
2026-09-13 02:22:04,ERROR,/api/login,500,433
2026-09-13 02:22:06,WARN,/api/payment,400,330
2026-09-13 02:22:08,INFO,/api/cart,200,240
2026-09-13 02:22:10,INFO,/api/logout,200,52
2026-09-13 02:22:12,INFO,/api/payment,201,129
2026-09-13 02:22:14,INFO,/api/login,200,154
2026-09-13 02:22:16,INFO,/api/payment,200,527
2026-09-13 02:22:18,INFO,/api/cart,200,508
2026-09-13 02:22:20,ERROR,/api/cart,500,512
2026-09-13 02:22:22,INFO,/api/cart,200,288
2026-09-13 02:22:24,INFO,/api/payment,201,591
2026-09-13 02:22:26,WARN,/api/products,404,353
2026-09-13 02:22:28,ERROR,/api/payment,500,450
2026-09-13 02:22:30,INFO,/api/payment,200,196
2026-09-13 02:22:32,INFO,/api/payment,200,395
2026-09-13 02:22:34,INFO,/api/logout,200,365
2026-09-13 02:22:36,WARN,/api/login,404,121
2026-09-13 02:22:38,ERROR,/api/products,500,282
2026-09-13 02:22:40,INFO,/api/cart,200,471
2026-09-13 02:22:42,INFO,/api/payment,200,490
2026-09-13 02:22:44,ERROR,/api/cart,500,266
2026-09-13 02:22:46,WARN,/api/products,400,100
2026-09-13 02:22:48,INFO,/api/products,200,403
2026-09-13 02:22:50,WARN,/api/products,404,445
2026-09-13 02:22:52,WARN,/api/products,400,204
2026-09-13 02:22:54,INFO,/api/logout,200,284
2026-09-13 02:22:56,INFO,/api/payment,200,191
2026-09-13 02:22:58,ERROR,/api/payment,500,468
2026-09-13 02:23:00,INFO,/api/login,201,383
2026-09-13 02:23:02,WARN,/api/login,404,59
2026-09-13 02:23:04,INFO,/api/payment,200,203
2026-09-13 02:23:06,INFO,/api/cart,200,468
2026-09-13 02:23:08,WARN,/api/payment,404,531
2026-09-13 02:23:10,INFO,/api/payment,200,79
2026-09-13 02:23:12,INFO,/api/products,200,412
2026-09-13 02:23:14,INFO,/api/logout,200,172
2026-09-13 02:23:16,INFO,/api/payment,200,350
2026-09-13 02:23:18,WARN,/api/cart,404,153
2026-09-13 02:23:20,INFO,/api/cart,200,574
2026-09-13 02:23:22,INFO,/api/products,200,266
2026-09-13 02:23:24,INFO,/api/cart,200,354
2026-09-13 02:23:26,ERROR,/api/logout,500,317
2026-09-13 02:23:28,INFO,/api/products,200,557
2026-09-13 02:23:30,WARN,/api/products,400,384
2026-09-13 02:23:32,WARN,/api/cart,400,393
2026-09-13 02:23:34,INFO,/api/login,200,533
2026-09-13 02:23:36,INFO,/api/payment,201,260
2026-09-13 02:23:38,INFO,/api/payment,200,281
2026-09-13 02:23:40,WARN,/api/logout,404,539
2026-09-13 02:23:42,WARN,/api/payment,400,419
2026-09-13 02:23:44,INFO,/api/payment,200,356
2026-09-13 02:23:46,INFO,/api/logout,200,482
2026-09-13 02:23:48,INFO,/api/logout,200,289
2026-09-13 02:23:50,INFO,/api/payment,200,458
2026-09-13 02:23:52,INFO,/api/login,200,418
2026-09-13 02:23:54,INFO,/api/logout,200,105
2026-09-13 02:23:56,INFO,/api/payment,201,231
2026-09-13 02:23:58,WARN,/api/cart,404,96
2026-09-13 02:24:00,INFO,/api/cart,200,543
2026-09-13 02:24:02,WARN,/api/payment,404,245
2026-09-13 02:24:04,WARN,/api/cart,400,230
2026-09-13 02:24:06,INFO,/api/login,201,324
2026-09-13 02:24:08,INFO,/api/products,200,439
2026-09-13 02:24:10,INFO,/api/payment,201,320
2026-09-13 02:24:12,WARN,/api/login,400,278
2026-09-13 02:24:14,WARN,/api/login,404,53
2026-09-13 02:24:16,WARN,/api/logout,404,429
2026-09-13 02:24:18,INFO,/api/products,200,120
2026-09-13 02:24:20,ERROR,/api/login,500,389
2026-09-13 02:24:22,INFO,/api/payment,200,185
2026-09-13 02:24:24,INFO,/api/login,200,584
2026-09-13 02:24:26,INFO,/api/cart,200,527
2026-09-13 02:24:28,INFO,/api/payment,200,245
2026-09-13 02:24:30,WARN,/api/cart,400,267
2026-09-13 02:24:32,INFO,/api/payment,201,92
2026-09-13 02:24:34,INFO,/api/payment,200,221
2026-09-13 02:24:36,ERROR,/api/products,500,330
2026-09-13 02:24:38,INFO,/api/logout,200,577
2026-09-13 02:24:40,INFO,/api/login,200,208
2026-09-13 02:24:42,INFO,/api/logout,200,110
2026-09-13 02:24:44,WARN,/api/payment,400,164
2026-09-13 02:24:46,ERROR,/api/logout,500,93
2026-09-13 02:24:48,WARN,/api/cart,400,146
2026-09-13 02:24:50,INFO,/api/products,200,419
2026-09-13 02:24:52,WARN,/api/cart,404,487
2026-09-13 02:24:54,INFO,/api/logout,200,152
2026-09-13 02:24:56,ERROR,/api/logout,500,467
2026-09-13 02:24:58,INFO,/api/products,200,535
2026-09-13 02:25:00,INFO,/api/logout,201,479
2026-09-13 02:25:02,WARN,/api/login,404,65
2026-09-13 02:25:04,WARN,/api/cart,404,176
2026-09-13 02:25:06,INFO,/api/payment,200,188
2026-09-13 02:25:08,WARN,/api/logout,400,135
2026-09-13 02:25:10,WARN,/api/products,400,225
2026-09-13 02:25:12,ERROR,/api/products,500,238
2026-09-13 02:25:14,INFO,/api/cart,201,584
2026-09-13 02:25:16,INFO,/api/payment,200,127
2026-09-13 02:25:18,INFO,/api/products,200,529
2026-09-13 02:25:20,INFO,/api/login,200,94
2026-09-13 02:25:22,INFO,/api/logout,200,92
2026-09-13 02:25:24,INFO,/api/products,200,272
2026-09-13 02:25:26,WARN,/api/login,404,373
2026-09-13 02:25:28,ERROR,/api/products,500,354
2026-09-13 02:25:30,ERROR,/api/payment,500,294
2026-09-13 02:25:32,ERROR,/api/logout,500,546
2026-09-13 02:25:34,INFO,/api/login,200,581
2026-09-13 02:25:36,INFO,/api/logout,200,561
2026-09-13 02:25:38,INFO,/api/payment,201,528
2026-09-13 02:25:40,WARN,/api/cart,400,577
2026-09-13 02:25:42,ERROR,/api/login,500,256
2026-09-13 02:25:44,WARN,/api/payment,404,430
2026-09-13 02:25:46,INFO,/api/payment,200,522
2026-09-13 02:25:48,INFO,/api/cart,200,229
2026-09-13 02:25:50,WARN,/api/login,404,312
2026-09-13 02:25:52,WARN,/api/products,404,187
2026-09-13 02:25:54,INFO,/api/products,200,101
2026-09-13 02:25:56,INFO,/api/cart,200,425
2026-09-13 02:25:58,WARN,/api/logout,404,410
2026-09-13 02:26:00,WARN,/api/payment,400,465
2026-09-13 02:26:02,INFO,/api/login,200,520
2026-09-13 02:26:04,INFO,/api/payment,200,596
2026-09-13 02:26:06,INFO,/api/logout,200,373
2026-09-13 02:26:08,INFO,/api/payment,201,583
2026-09-13 02:26:10,INFO,/api/login,200,238
2026-09-13 02:26:12,INFO,/api/logout,200,596
2026-09-13 02:26:14,INFO,/api/logout,200,387
2026-09-13 02:26:16,INFO,/api/logout,201,72
2026-09-13 02:26:18,ERROR,/api/cart,500,529
2026-09-13 02:26:20,ERROR,/api/products,500,586
2026-09-13 02:26:22,ERROR,/api/logout,500,136
2026-09-13 02:26:24,INFO,/api/login,200,401
2026-09-13 02:26:26,ERROR,/api/logout,500,450
2026-09-13 02:26:28,INFO,/api/cart,200,549
2026-09-13 02:26:30,ERROR,/api/products,500,101
2026-09-13 02:26:32,INFO,/api/payment,200,502
2026-09-13 02:26:34,ERROR,/api/cart,500,333
2026-09-13 02:26:36,INFO,/api/login,201,357
2026-09-13 02:26:38,ERROR,/api/logout,500,573
2026-09-13 02:26:40,INFO,/api/login,200,295
2026-09-13 02:26:42,ERROR,/api/products,500,459
2026-09-13 02:26:44,INFO,/api/cart,200,559
2026-09-13 02:26:46,INFO,/api/login,200,231
2026-09-13 02:26:48,ERROR,/api/products,500,473
2026-09-13 02:26:50,ERROR,/api/login,500,177
2026-09-13 02:26:52,INFO,/api/payment,200,129
2026-09-13 02:26:54,INFO,/api/products,200,584
2026-09-13 02:26:56,INFO,/api/cart,200,276
2026-09-13 02:26:58,INFO,/api/logout,201,90
2026-09-13 02:27:00,INFO,/api/logout,200,451
2026-09-13 02:27:02,ERROR,/api/products,500,540
2026-09-13 02:27:04,INFO,/api/products,201,430
2026-09-13 02:27:06,WARN,/api/logout,404,142
2026-09-13 02:27:08,INFO,/api/logout,200,399
2026-09-13 02:27:10,INFO,/api/products,200,348
2026-09-13 02:27:12,INFO,/api/login,200,463
2026-09-13 02:27:14,WARN,/api/products,400,162
2026-09-13 02:27:16,INFO,/api/logout,200,208
2026-09-13 02:27:18,ERROR,/api/payment,500,435
2026-09-13 02:27:20,INFO,/api/payment,200,283
2026-09-13 02:27:22,INFO,/api/login,200,468
2026-09-13 02:27:24,INFO,/api/logout,200,104
2026-09-13 02:27:26,INFO,/api/payment,200,297
2026-09-13 02:27:28,WARN,/api/cart,400,407
2026-09-13 02:27:30,INFO,/api/login,200,402
2026-09-13 02:27:32,INFO,/api/cart,200,294
2026-09-13 02:27:34,INFO,/api/login,201,198
2026-09-13 02:27:36,INFO,/api/cart,200,532
2026-09-13 02:27:38,INFO,/api/payment,201,461
2026-09-13 02:27:40,INFO,/api/cart,200,74
2026-09-13 02:27:42,INFO,/api/products,200,506
2026-09-13 02:27:44,INFO,/api/logout,200,203
2026-09-13 02:27:46,INFO,/api/products,201,225
2026-09-13 02:27:48,INFO,/api/logout,200,224
2026-09-13 02:27:50,INFO,/api/products,200,291
2026-09-13 02:27:52,INFO,/api/logout,200,375
2026-09-13 02:27:54,WARN,/api/login,404,259
2026-09-13 02:27:56,INFO,/api/login,201,117
2026-09-13 02:27:58,WARN,/api/cart,400,343
2026-09-13 02:28:00,WARN,/api/payment,404,358
2026-09-13 02:28:02,WARN,/api/payment,400,597
2026-09-13 02:28:04,INFO,/api/cart,200,142
2026-09-13 02:28:06,INFO,/api/payment,201,77
2026-09-13 02:28:08,INFO,/api/cart,200,470
2026-09-13 02:28:10,INFO,/api/products,200,578
2026-09-13 02:28:12,WARN,/api/login,404,416
2026-09-13 02:28:14,INFO,/api/logout,200,443
2026-09-13 02:28:16,INFO,/api/payment,200,430
2026-09-13 02:28:18,ERROR,/api/products,500,107
2026-09-13 02:28:20,INFO,/api/cart,200,576
2026-09-13 02:28:22,ERROR,/api/products,500,374
2026-09-13 02:28:24,ERROR,/api/logout,500,560
2026-09-13 02:28:26,WARN,/api/cart,400,408
2026-09-13 02:28:28,INFO,/api/login,200,358
2026-09-13 02:28:30,ERROR,/api/login,500,527
2026-09-13 02:28:32,INFO,/api/products,201,327
2026-09-13 02:28:34,INFO,/api/login,200,449
2026-09-13 02:28:36,WARN,/api/cart,400,203
2026-09-13 02:28:38,INFO,/api/payment,200,380
2026-09-13 02:28:40,INFO,/api/cart,200,214
2026-09-13 02:28:42,INFO,/api/products,200,586
2026-09-13 02:28:44,ERROR,/api/products,500,598
2026-09-13 02:28:46,INFO,/api/logout,200,340
2026-09-13 02:28:48,INFO,/api/payment,200,214
2026-09-13 02:28:50,INFO,/api/logout,200,308
2026-09-13 02:28:52,INFO,/api/cart,200,418
2026-09-13 02:28:54,INFO,/api/logout,200,508
2026-09-13 02:28:56,INFO,/api/payment,200,384
2026-09-13 02:28:58,INFO,/api/login,200,122
2026-09-13 02:29:00,INFO,/api/login,200,544
2026-09-13 02:29:02,WARN,/api/payment,400,158
2026-09-13 02:29:04,ERROR,/api/cart,500,456
2026-09-13 02:29:06,WARN,/api/login,400,409
2026-09-13 02:29:08,INFO,/api/products,200,579
2026-09-13 02:29:10,INFO,/api/logout,201,151
2026-09-13 02:29:12,INFO,/api/payment,200,367
2026-09-13 02:29:14,INFO,/api/login,200,566
2026-09-13 02:29:16,INFO,/api/payment,201,73
2026-09-13 02:29:18,WARN,/api/payment,404,382
2026-09-13 02:29:20,INFO,/api/products,200,92
2026-09-13 02:29:22,INFO,/api/payment,200,312
2026-09-13 02:29:24,ERROR,/api/logout,500,294
2026-09-13 02:29:26,INFO,/api/cart,200,211
2026-09-13 02:29:28,INFO,/api/payment,200,427
2026-09-13 02:29:30,WARN,/api/login,404,430
2026-09-13 02:29:32,WARN,/api/cart,404,508
2026-09-13 02:29:34,INFO,/api/login,200,481
2026-09-13 02:29:36,ERROR,/api/products,500,594
2026-09-13 02:29:38,INFO,/api/cart,200,375
2026-09-13 02:29:40,INFO,/api/logout,200,255
2026-09-13 02:29:42,INFO,/api/login,200,492
2026-09-13 02:29:44,INFO,/api/payment,200,163
2026-09-13 02:29:46,INFO,/api/cart,200,482
2026-09-13 02:29:48,WARN,/api/login,404,348
2026-09-13 02:29:50,INFO,/api/cart,201,185
2026-09-13 02:29:52,WARN,/api/logout,404,75
2026-09-13 02:29:54,INFO,/api/products,200,516
2026-09-13 02:29:56,INFO,/api/cart,200,558
2026-09-13 02:29:58,INFO,/api/payment,200,565
2026-09-13 02:30:00,INFO,/api/cart,201,250
2026-09-13 02:30:02,INFO,/api/logout,200,413
2026-09-13 02:30:04,INFO,/api/products,200,517
2026-09-13 02:30:06,ERROR,/api/login,500,474
2026-09-13 02:30:08,WARN,/api/login,404,137
2026-09-13 02:30:10,ERROR,/api/cart,500,361
2026-09-13 02:30:12,INFO,/api/payment,200,516
2026-09-13 02:30:14,ERROR,/api/logout,500,512
2026-09-13 02:30:16,WARN,/api/login,400,359
2026-09-13 02:30:18,INFO,/api/logout,200,126
2026-09-13 02:30:20,INFO,/api/products,200,345
2026-09-13 02:30:22,INFO,/api/cart,200,416
2026-09-13 02:30:24,INFO,/api/login,200,253
2026-09-13 02:30:26,WARN,/api/payment,400,321
2026-09-13 02:30:28,INFO,/api/cart,200,429
2026-09-13 02:30:30,INFO,/api/products,200,318
2026-09-13 02:30:32,ERROR,/api/payment,500,382
2026-09-13 02:30:34,ERROR,/api/payment,500,387
2026-09-13 02:30:36,INFO,/api/login,200,413
2026-09-13 02:30:38,WARN,/api/login,404,456
2026-09-13 02:30:40,INFO,/api/payment,200,464
2026-09-13 02:30:42,ERROR,/api/logout,500,589
2026-09-13 02:30:44,WARN,/api/products,400,50
2026-09-13 02:30:46,INFO,/api/cart,200,292
2026-09-13 02:30:48,INFO,/api/login,200,388
2026-09-13 02:30:50,INFO,/api/payment,200,562
2026-09-13 02:30:52,INFO,/api/login,200,462
2026-09-13 02:30:54,WARN,/api/products,404,80
2026-09-13 02:30:56,ERROR,/api/login,500,313
2026-09-13 02:30:58,INFO,/api/cart,201,592
2026-09-13 02:31:00,INFO,/api/login,200,487
2026-09-13 02:31:02,INFO,/api/payment,200,398
2026-09-13 02:31:04,INFO,/api/payment,200,385
2026-09-13 02:31:06,INFO,/api/products,200,228
2026-09-13 02:31:08,INFO,/api/login,200,518
2026-09-13 02:31:10,WARN,/api/payment,400,599
2026-09-13 02:31:12,INFO,/api/products,200,89
2026-09-13 02:31:14,WARN,/api/logout,404,281
2026-09-13 02:31:16,INFO,/api/payment,200,355
2026-09-13 02:31:18,ERROR,/api/payment,500,317
2026-09-13 02:31:20,INFO,/api/cart,200,243
2026-09-13 02:31:22,INFO,/api/cart,200,436
2026-09-13 02:31:24,INFO,/api/products,200,484
2026-09-13 02:31:26,INFO,/api/login,201,417
2026-09-13 02:31:28,WARN,/api/login,404,298
2026-09-13 02:31:30,INFO,/api/logout,200,582
2026-09-13 02:31:32,ERROR,/api/products,500,560
2026-09-13 02:31:34,WARN,/api/cart,404,296
2026-09-13 02:31:36,INFO,/api/logout,200,147
2026-09-13 02:31:38,WARN,/api/login,404,417
2026-09-13 02:31:40,WARN,/api/login,404,278
2026-09-13 02:31:42,INFO,/api/cart,200,146
2026-09-13 02:31:44,WARN,/api/payment,404,303
2026-09-13 02:31:46,INFO,/api/products,201,249
2026-09-13 02:31:48,ERROR,/api/products,500,186
2026-09-13 02:31:50,INFO,/api/payment,200,554
2026-09-13 02:31:52,WARN,/api/cart,404,460
2026-09-13 02:31:54,WARN,/api/logout,404,146
2026-09-13 02:31:56,INFO,/api/payment,200,528
2026-09-13 02:31:58,ERROR,/api/cart,500,596
2026-09-13 02:32:00,ERROR,/api/login,500,486
2026-09-13 02:32:02,INFO,/api/login,201,347
2026-09-13 02:32:04,INFO,/api/cart,200,211
2026-09-13 02:32:06,INFO,/api/login,200,427
2026-09-13 02:32:08,INFO,/api/logout,200,487
2026-09-13 02:32:10,ERROR,/api/logout,500,379
2026-09-13 02:32:12,ERROR,/api/login,500,269
2026-09-13 02:32:14,ERROR,/api/login,500,526
2026-09-13 02:32:16,INFO,/api/payment,200,404
2026-09-13 02:32:18,INFO,/api/payment,200,153
2026-09-13 02:32:20,INFO,/api/payment,200,195
2026-09-13 02:32:22,INFO,/api/products,200,141
2026-09-13 02:32:24,INFO,/api/cart,200,406
2026-09-13 02:32:26,ERROR,/api/payment,500,362
2026-09-13 02:32:28,WARN,/api/login,400,212
2026-09-13 02:32:30,INFO,/api/logout,201,584
2026-09-13 02:32:32,INFO,/api/cart,200,247
2026-09-13 02:32:34,INFO,/api/payment,200,218
2026-09-13 02:32:36,INFO,/api/logout,200,600
2026-09-13 02:32:38,INFO,/api/products,200,391
2026-09-13 02:32:40,ERROR,/api/logout,500,580
2026-09-13 02:32:42,INFO,/api/login,200,397
2026-09-13 02:32:44,INFO,/api/cart,200,155
2026-09-13 02:32:46,WARN,/api/payment,404,289
2026-09-13 02:32:48,INFO,/api/payment,200,155
2026-09-13 02:32:50,INFO,/api/cart,200,358
2026-09-13 02:32:52,INFO,/api/logout,200,196
2026-09-13 02:32:54,INFO,/api/payment,201,319
2026-09-13 02:32:56,WARN,/api/login,400,583
2026-09-13 02:32:58,INFO,/api/cart,201,262
2026-09-13 02:33:00,INFO,/api/cart,200,161
2026-09-13 02:33:02,WARN,/api/cart,400,566
2026-09-13 02:33:04,WARN,/api/login,404,176
2026-09-13 02:33:06,ERROR,/api/logout,500,432
2026-09-13 02:33:08,INFO,/api/payment,200,441
2026-09-13 02:33:10,INFO,/api/cart,200,571
2026-09-13 02:33:12,INFO,/api/logout,201,501
2026-09-13 02:33:14,INFO,/api/cart,201,91
2026-09-13 02:33:16,ERROR,/api/payment,500,197
2026-09-13 02:33:18,WARN,/api/logout,404,562
2026-09-13 02:33:20,INFO,/api/logout,200,99
2026-09-13 02:33:22,INFO,/api/logout,200,386
2026-09-13 02:33:24,INFO,/api/login,200,186
2026-09-13 02:33:26,INFO,/api/logout,200,226
2026-09-13 02:33:28,INFO,/api/login,200,145
2026-09-13 02:33:30,INFO,/api/login,200,548
2026-09-13 02:33:32,INFO,/api/cart,201,114
2026-09-13 02:33:34,INFO,/api/logout,200,575
2026-09-13 02:33:36,INFO,/api/login,201,368
2026-09-13 02:33:38,INFO,/api/login,200,419
2026-09-13 02:33:40,INFO,/api/login,200,138
2026-09-13 02:33:42,INFO,/api/logout,200,253
2026-09-13 02:33:44,WARN,/api/logout,400,160
2026-09-13 02:33:46,ERROR,/api/payment,500,576
2026-09-13 02:33:48,INFO,/api/products,200,393
2026-09-13 02:33:50,ERROR,/api/products,500,267
2026-09-13 02:33:52,INFO,/api/login,200,252
2026-09-13 02:33:54,WARN,/api/payment,404,106
2026-09-13 02:33:56,ERROR,/api/login,500,532
2026-09-13 02:33:58,WARN,/api/login,400,393
2026-09-13 02:34:00,INFO,/api/payment,200,50
2026-09-13 02:34:02,WARN,/api/products,404,351
2026-09-13 02:34:04,WARN,/api/logout,400,159
2026-09-13 02:34:06,INFO,/api/cart,200,95
2026-09-13 02:34:08,INFO,/api/payment,200,153
2026-09-13 02:34:10,INFO,/api/payment,200,124
2026-09-13 02:34:12,WARN,/api/login,400,107
2026-09-13 02:34:14,WARN,/api/logout,404,225
2026-09-13 02:34:16,INFO,/api/login,200,127
2026-09-13 02:34:18,INFO,/api/cart,200,551
2026-09-13 02:34:20,INFO,/api/logout,200,81
2026-09-13 02:34:22,ERROR,/api/cart,500,183
2026-09-13 02:34:24,INFO,/api/products,200,525
2026-09-13 02:34:26,INFO,/api/cart,200,409
2026-09-13 02:34:28,WARN,/api/login,400,167
2026-09-13 02:34:30,INFO,/api/logout,200,390
2026-09-13 02:34:32,INFO,/api/cart,201,232
2026-09-13 02:34:34,INFO,/api/products,200,581
2026-09-13 02:34:36,INFO,/api/cart,200,393
2026-09-13 02:34:38,ERROR,/api/login,500,222
2026-09-13 02:34:40,WARN,/api/products,404,573
2026-09-13 02:34:42,WARN,/api/logout,404,338
2026-09-13 02:34:44,ERROR,/api/login,500,250
2026-09-13 02:34:46,INFO,/api/products,200,577
2026-09-13 02:34:48,ERROR,/api/cart,500,269
2026-09-13 02:34:50,ERROR,/api/products,500,132
2026-09-13 02:34:52,WARN,/api/products,404,487
2026-09-13 02:34:54,INFO,/api/logout,200,273
2026-09-13 02:34:56,WARN,/api/login,400,496
2026-09-13 02:34:58,INFO,/api/payment,200,480
2026-09-13 02:35:00,WARN,/api/cart,404,118
2026-09-13 02:35:02,WARN,/api/logout,404,226
2026-09-13 02:35:04,INFO,/api/cart,201,237
2026-09-13 02:35:06,WARN,/api/login,404,330
2026-09-13 02:35:08,ERROR,/api/logout,500,407
2026-09-13 02:35:10,INFO,/api/logout,200,86
2026-09-13 02:35:12,INFO,/api/cart,200,525
2026-09-13 02:35:14,INFO,/api/products,200,389
2026-09-13 02:35:16,WARN,/api/logout,404,404
2026-09-13 02:35:18,INFO,/api/login,201,483
2026-09-13 02:35:20,INFO,/api/payment,200,497
2026-09-13 02:35:22,WARN,/api/cart,400,411
2026-09-13 02:35:24,INFO,/api/products,200,123
2026-09-13 02:35:26,INFO,/api/payment,200,249
2026-09-13 02:35:28,WARN,/api/products,400,307
2026-09-13 02:35:30,WARN,/api/products,400,461
2026-09-13 02:35:32,INFO,/api/payment,201,369
2026-09-13 02:35:34,INFO,/api/logout,201,290
2026-09-13 02:35:36,INFO,/api/payment,200,288
2026-09-13 02:35:38,INFO,/api/logout,200,501
2026-09-13 02:35:40,WARN,/api/logout,400,279
2026-09-13 02:35:42,INFO,/api/products,200,424
2026-09-13 02:35:44,WARN,/api/cart,400,140
2026-09-13 02:35:46,INFO,/api/logout,200,171
2026-09-13 02:35:48,INFO,/api/products,200,255
2026-09-13 02:35:50,WARN,/api/payment,404,94
2026-09-13 02:35:52,INFO,/api/logout,200,197
2026-09-13 02:35:54,INFO,/api/logout,200,361
2026-09-13 02:35:56,ERROR,/api/payment,500,272
2026-09-13 02:35:58,WARN,/api/payment,400,565
2026-09-13 02:36:00,INFO,/api/logout,200,407
2026-09-13 02:36:02,INFO,/api/login,200,387
2026-09-13 02:36:04,WARN,/api/products,404,266
2026-09-13 02:36:06,INFO,/api/login,200,520
2026-09-13 02:36:08,INFO,/api/login,200,568
2026-09-13 02:36:10,INFO,/api/products,200,422
2026-09-13 02:36:12,INFO,/api/login,201,340
2026-09-13 02:36:14,INFO,/api/login,200,281
2026-09-13 02:36:16,INFO,/api/products,200,329
2026-09-13 02:36:18,WARN,/api/logout,400,151
2026-09-13 02:36:20,ERROR,/api/cart,500,171
2026-09-13 02:36:22,WARN,/api/payment,404,582
2026-09-13 02:36:24,INFO,/api/cart,200,223
2026-09-13 02:36:26,INFO,/api/logout,200,321
2026-09-13 02:36:28,WARN,/api/login,400,197
2026-09-13 02:36:30,INFO,/api/logout,200,223
2026-09-13 02:36:32,INFO,/api/payment,200,491
2026-09-13 02:36:34,INFO,/api/login,200,89
2026-09-13 02:36:36,INFO,/api/login,200,62
2026-09-13 02:36:38,ERROR,/api/products,500,514
2026-09-13 02:36:40,ERROR,/api/logout,500,492
2026-09-13 02:36:42,WARN,/api/logout,400,186
2026-09-13 02:36:44,ERROR,/api/login,500,435
2026-09-13 02:36:46,INFO,/api/cart,200,121
2026-09-13 02:36:48,WARN,/api/products,400,92
2026-09-13 02:36:50,INFO,/api/products,200,317
2026-09-13 02:36:52,WARN,/api/login,400,311
2026-09-13 02:36:54,INFO,/api/login,200,154
2026-09-13 02:36:56,ERROR,/api/payment,500,168
2026-09-13 02:36:58,ERROR,/api/login,500,171
2026-09-13 02:37:00,INFO,/api/cart,200,405
2026-09-13 02:37:02,INFO,/api/cart,200,401
2026-09-13 02:37:04,INFO,/api/logout,200,288
2026-09-13 02:37:06,WARN,/api/products,400,559
2026-09-13 02:37:08,INFO,/api/payment,200,514
2026-09-13 02:37:10,INFO,/api/cart,201,525
2026-09-13 02:37:12,WARN,/api/cart,404,258
2026-09-13 02:37:14,INFO,/api/cart,200,488
2026-09-13 02:37:16,INFO,/api/login,200,403
2026-09-13 02:37:18,WARN,/api/payment,404,120
2026-09-13 02:37:20,INFO,/api/products,200,382
2026-09-13 02:37:22,INFO,/api/logout,201,381
2026-09-13 02:37:24,ERROR,/api/payment,500,391
2026-09-13 02:37:26,INFO,/api/payment,200,595
2026-09-13 02:37:28,INFO,/api/products,200,594
2026-09-13 02:37:30,WARN,/api/login,404,481
2026-09-13 02:37:32,INFO,/api/products,200,428
2026-09-13 02:37:34,ERROR,/api/products,500,112
2026-09-13 02:37:36,INFO,/api/login,200,399
2026-09-13 02:37:38,WARN,/api/logout,400,567
2026-09-13 02:37:40,ERROR,/api/login,500,453
2026-09-13 02:37:42,WARN,/api/cart,404,134
2026-09-13 02:37:44,WARN,/api/products,400,409
2026-09-13 02:37:46,INFO,/api/logout,200,132
2026-09-13 02:37:48,ERROR,/api/payment,500,499
2026-09-13 02:37:50,ERROR,/api/products,500,511
2026-09-13 02:37:52,INFO,/api/cart,200,480
2026-09-13 02:37:54,ERROR,/api/logout,500,452
2026-09-13 02:37:56,INFO,/api/logout,200,69
2026-09-13 02:37:58,INFO,/api/payment,200,155
2026-09-13 02:38:00,INFO,/api/products,200,565
2026-09-13 02:38:02,INFO,/api/products,201,324
2026-09-13 02:38:04,INFO,/api/login,200,485
2026-09-13 02:38:06,INFO,/api/payment,200,546
2026-09-13 02:38:08,INFO,/api/payment,201,231
2026-09-13 02:38:10,WARN,/api/login,404,423
2026-09-13 02:38:12,WARN,/api/login,400,59
2026-09-13 02:38:14,INFO,/api/login,200,424
2026-09-13 02:38:16,INFO,/api/payment,200,448
2026-09-13 02:38:18,INFO,/api/login,200,484
2026-09-13 02:38:20,INFO,/api/payment,200,100
2026-09-13 02:38:22,ERROR,/api/payment,500,501
2026-09-13 02:38:24,INFO,/api/cart,201,447
2026-09-13 02:38:26,INFO,/api/logout,200,179
2026-09-13 02:38:28,INFO,/api/login,200,178
2026-09-13 02:38:30,INFO,/api/products,201,404
2026-09-13 02:38:32,INFO,/api/payment,200,84
2026-09-13 02:38:34,ERROR,/api/logout,500,534
2026-09-13 02:38:36,INFO,/api/login,200,422
2026-09-13 02:38:38,INFO,/api/payment,200,415
2026-09-13 02:38:40,INFO,/api/payment,201,245
2026-09-13 02:38:42,INFO,/api/payment,200,223
2026-09-13 02:38:44,INFO,/api/cart,200,333
2026-09-13 02:38:46,INFO,/api/login,200,436
2026-09-13 02:38:48,INFO,/api/logout,200,228
2026-09-13 02:38:50,INFO,/api/products,200,238
2026-09-13 02:38:52,INFO,/api/cart,200,500
2026-09-13 02:38:54,INFO,/api/payment,200,177
2026-09-13 02:38:56,INFO,/api/logout,200,546
2026-09-13 02:38:58,WARN,/api/logout,400,522
2026-09-13 02:39:00,INFO,/api/payment,201,523
2026-09-13 02:39:02,ERROR,/api/cart,500,505
2026-09-13 02:39:04,WARN,/api/login,404,315
2026-09-13 02:39:06,ERROR,/api/payment,500,563
2026-09-13 02:39:08,ERROR,/api/payment,500,265
2026-09-13 02:39:10,INFO,/api/products,200,454
2026-09-13 02:39:12,INFO,/api/cart,201,229
2026-09-13 02:39:14,WARN,/api/login,404,562
2026-09-13 02:39:16,ERROR,/api/cart,500,229
2026-09-13 02:39:18,ERROR,/api/login,500,328
2026-09-13 02:39:20,WARN,/api/payment,400,304
2026-09-13 02:39:22,INFO,/api/products,200,324
2026-09-13 02:39:24,WARN,/api/login,404,248
2026-09-13 02:39:26,INFO,/api/payment,200,491
2026-09-13 02:39:28,WARN,/api/products,400,166
2026-09-13 02:39:30,INFO,/api/payment,200,57
2026-09-13 02:39:32,INFO,/api/login,201,457
2026-09-13 02:39:34,WARN,/api/payment,404,153
2026-09-13 02:39:36,INFO,/api/login,200,65
2026-09-13 02:39:38,ERROR,/api/payment,500,309
2026-09-13 02:39:40,INFO,/api/logout,200,392
2026-09-13 02:39:42,INFO,/api/logout,200,233
2026-09-13 02:39:44,INFO,/api/payment,201,260
2026-09-13 02:39:46,INFO,/api/payment,200,306
2026-09-13 02:39:48,WARN,/api/logout,404,83
2026-09-13 02:39:50,WARN,/api/login,400,518
2026-09-13 02:39:52,WARN,/api/payment,400,428
2026-09-13 02:39:54,INFO,/api/logout,200,393
2026-09-13 02:39:56,INFO,/api/logout,200,179
2026-09-13 02:39:58,INFO,/api/cart,200,535
2026-09-13 02:40:00,WARN,/api/payment,404,247
2026-09-13 02:40:02,INFO,/api/payment,201,287
2026-09-13 02:40:04,INFO,/api/logout,200,202
2026-09-13 02:40:06,INFO,/api/cart,200,252
2026-09-13 02:40:08,WARN,/api/products,400,289
2026-09-13 02:40:10,INFO,/api/products,200,126
2026-09-13 02:40:12,WARN,/api/cart,404,117
2026-09-13 02:40:14,INFO,/api/payment,200,63
2026-09-13 02:40:16,INFO,/api/login,200,592
2026-09-13 02:40:18,INFO,/api/cart,200,222
2026-09-13 02:40:20,INFO,/api/login,200,301
2026-09-13 02:40:22,WARN,/api/payment,400,476
2026-09-13 02:40:24,ERROR,/api/products,500,344
2026-09-13 02:40:26,WARN,/api/payment,400,587
2026-09-13 02:40:28,INFO,/api/logout,200,570
2026-09-13 02:40:30,ERROR,/api/products,500,95
2026-09-13 02:40:32,ERROR,/api/login,500,593
2026-09-13 02:40:34,WARN,/api/products,404,563
2026-09-13 02:40:36,WARN,/api/login,404,396
2026-09-13 02:40:38,INFO,/api/cart,200,483
2026-09-13 02:40:40,INFO,/api/login,200,184
2026-09-13 02:40:42,INFO,/api/logout,201,562
2026-09-13 02:40:44,INFO,/api/products,201,278
2026-09-13 02:40:46,ERROR,/api/cart,500,363
2026-09-13 02:40:48,INFO,/api/logout,201,74
2026-09-13 02:40:50,WARN,/api/payment,400,432
2026-09-13 02:40:52,WARN,/api/payment,404,181
2026-09-13 02:40:54,WARN,/api/cart,400,50
2026-09-13 02:40:56,INFO,/api/cart,200,568
2026-09-13 02:40:58,ERROR,/api/logout,500,238
2026-09-13 02:41:00,WARN,/api/products,404,578
2026-09-13 02:41:02,ERROR,/api/login,500,116
2026-09-13 02:41:04,ERROR,/api/cart,500,102
2026-09-13 02:41:06,INFO,/api/logout,200,53
2026-09-13 02:41:08,INFO,/api/login,200,237
2026-09-13 02:41:10,WARN,/api/payment,404,361
2026-09-13 02:41:12,INFO,/api/products,200,264
2026-09-13 02:41:14,INFO,/api/products,201,549
2026-09-13 02:41:16,WARN,/api/payment,400,564
2026-09-13 02:41:18,INFO,/api/logout,200,214
2026-09-13 02:41:20,INFO,/api/login,200,240
2026-09-13 02:41:22,INFO,/api/products,201,309
2026-09-13 02:41:24,INFO,/api/login,201,131
2026-09-13 02:41:26,INFO,/api/logout,200,372
2026-09-13 02:41:28,INFO,/api/logout,200,370
2026-09-13 02:41:30,INFO,/api/products,200,483
2026-09-13 02:41:32,WARN,/api/payment,404,509
2026-09-13 02:41:34,INFO,/api/payment,200,180
2026-09-13 02:41:36,INFO,/api/login,200,529
2026-09-13 02:41:38,INFO,/api/login,200,89
2026-09-13 02:41:40,INFO,/api/products,200,280
2026-09-13 02:41:42,ERROR,/api/logout,500,134
2026-09-13 02:41:44,WARN,/api/products,400,166
2026-09-13 02:41:46,WARN,/api/products,404,286
2026-09-13 02:41:48,WARN,/api/login,400,92
2026-09-13 02:41:50,WARN,/api/products,400,518
2026-09-13 02:41:52,INFO,/api/login,200,434
2026-09-13 02:41:54,INFO,/api/cart,201,418
2026-09-13 02:41:56,WARN,/api/payment,404,441
2026-09-13 02:41:58,INFO,/api/payment,200,571
2026-09-13 02:42:00,ERROR,/api/logout,500,125
2026-09-13 02:42:02,WARN,/api/cart,400,237
2026-09-13 02:42:04,INFO,/api/login,200,219
2026-09-13 02:42:06,WARN,/api/logout,400,395
2026-09-13 02:42:08,INFO,/api/cart,200,307
2026-09-13 02:42:10,INFO,/api/login,200,562
2026-09-13 02:42:12,INFO,/api/cart,200,57
2026-09-13 02:42:14,WARN,/api/logout,404,228
2026-09-13 02:42:16,ERROR,/api/logout,500,449
2026-09-13 02:42:18,WARN,/api/login,404,126
2026-09-13 02:42:20,INFO,/api/cart,201,206
2026-09-13 02:42:22,WARN,/api/payment,404,293
2026-09-13 02:42:24,WARN,/api/login,404,159
2026-09-13 02:42:26,INFO,/api/cart,200,390
2026-09-13 02:42:28,INFO,/api/payment,200,352
2026-09-13 02:42:30,INFO,/api/cart,201,381
2026-09-13 02:42:32,INFO,/api/products,201,534
2026-09-13 02:42:34,ERROR,/api/products,500,538
2026-09-13 02:42:36,INFO,/api/login,200,138
2026-09-13 02:42:38,INFO,/api/cart,200,106
2026-09-13 02:42:40,WARN,/api/login,400,361
2026-09-13 02:42:42,INFO,/api/products,200,413
2026-09-13 02:42:44,INFO,/api/cart,201,200
2026-09-13 02:42:46,INFO,/api/login,200,447
2026-09-13 02:42:48,WARN,/api/logout,404,461
2026-09-13 02:42:50,INFO,/api/logout,200,489
2026-09-13 02:42:52,ERROR,/api/logout,500,308
2026-09-13 02:42:54,INFO,/api/login,201,531
2026-09-13 02:42:56,INFO,/api/logout,200,282
2026-09-13 02:42:58,WARN,/api/logout,404,440
2026-09-13 02:43:00,WARN,/api/cart,400,485
2026-09-13 02:43:02,INFO,/api/payment,200,404
2026-09-13 02:43:04,INFO,/api/logout,200,83
2026-09-13 02:43:06,ERROR,/api/login,500,462
2026-09-13 02:43:08,WARN,/api/products,404,51
2026-09-13 02:43:10,WARN,/api/cart,400,216
2026-09-13 02:43:12,WARN,/api/payment,404,579
2026-09-13 02:43:14,INFO,/api/products,201,136
2026-09-13 02:43:16,WARN,/api/cart,400,569
2026-09-13 02:43:18,INFO,/api/products,200,499
2026-09-13 02:43:20,WARN,/api/logout,400,407
2026-09-13 02:43:22,INFO,/api/logout,200,347
2026-09-13 02:43:24,ERROR,/api/logout,500,560
2026-09-13 02:43:26,INFO,/api/login,200,226
2026-09-13 02:43:28,WARN,/api/payment,404,471
2026-09-13 02:43:30,INFO,/api/logout,200,441
2026-09-13 02:43:32,ERROR,/api/cart,500,561
2026-09-13 02:43:34,INFO,/api/cart,200,560
2026-09-13 02:43:36,WARN,/api/cart,400,120
2026-09-13 02:43:38,WARN,/api/cart,400,259
2026-09-13 02:43:40,WARN,/api/payment,404,324
2026-09-13 02:43:42,INFO,/api/cart,200,568
2026-09-13 02:43:44,INFO,/api/logout,200,318
2026-09-13 02:43:46,INFO,/api/cart,200,547
2026-09-13 02:43:48,INFO,/api/products,200,75
2026-09-13 02:43:50,INFO,/api/payment,201,125
2026-09-13 02:43:52,INFO,/api/login,201,147
2026-09-13 02:43:54,WARN,/api/products,400,267
2026-09-13 02:43:56,INFO,/api/cart,200,591
2026-09-13 02:43:58,ERROR,/api/login,500,104
2026-09-13 02:44:00,INFO,/api/payment,200,552
2026-09-13 02:44:02,INFO,/api/payment,200,144
2026-09-13 02:44:04,INFO,/api/login,200,459
2026-09-13 02:44:06,WARN,/api/logout,404,94
2026-09-13 02:44:08,INFO,/api/login,201,83
2026-09-13 02:44:10,INFO,/api/logout,200,516
2026-09-13 02:44:12,WARN,/api/logout,400,268
2026-09-13 02:44:14,INFO,/api/cart,200,293
2026-09-13 02:44:16,INFO,/api/cart,200,443
2026-09-13 02:44:18,INFO,/api/payment,200,133
2026-09-13 02:44:20,WARN,/api/login,400,368
2026-09-13 02:44:22,INFO,/api/products,200,207
2026-09-13 02:44:24,ERROR,/api/payment,500,90
2026-09-13 02:44:26,WARN,/api/logout,400,149
2026-09-13 02:44:28,ERROR,/api/login,500,466
2026-09-13 02:44:30,INFO,/api/payment,200,412
2026-09-13 02:44:32,INFO,/api/payment,201,168
2026-09-13 02:44:34,WARN,/api/payment,404,219
2026-09-13 02:44:36,INFO,/api/logout,201,372
2026-09-13 02:44:38,INFO,/api/payment,200,76
2026-09-13 02:44:40,INFO,/api/products,200,128
2026-09-13 02:44:42,INFO,/api/logout,200,536
2026-09-13 02:44:44,WARN,/api/login,400,388
2026-09-13 02:44:46,WARN,/api/payment,400,424
2026-09-13 02:44:48,WARN,/api/logout,404,63
2026-09-13 02:44:50,INFO,/api/login,200,347
2026-09-13 02:44:52,INFO,/api/login,200,481
2026-09-13 02:44:54,INFO,/api/logout,200,297
2026-09-13 02:44:56,INFO,/api/login,200,388
2026-09-13 02:44:58,INFO,/api/logout,201,457
2026-09-13 02:45:00,INFO,/api/login,201,113
2026-09-13 02:45:02,INFO,/api/cart,201,110
2026-09-13 02:45:04,INFO,/api/products,200,364
2026-09-13 02:45:06,INFO,/api/cart,201,122
2026-09-13 02:45:08,WARN,/api/cart,400,143
2026-09-13 02:45:10,INFO,/api/logout,201,184
2026-09-13 02:45:12,INFO,/api/payment,200,361
2026-09-13 02:45:14,INFO,/api/logout,200,430
2026-09-13 02:45:16,WARN,/api/products,404,86
2026-09-13 02:45:18,INFO,/api/logout,201,433
2026-09-13 02:45:20,INFO,/api/login,200,494
2026-09-13 02:45:22,ERROR,/api/products,500,213
2026-09-13 02:45:24,INFO,/api/cart,200,124
2026-09-13 02:45:26,WARN,/api/products,404,557
2026-09-13 02:45:28,ERROR,/api/logout,500,372
2026-09-13 02:45:30,ERROR,/api/cart,500,396
2026-09-13 02:45:32,INFO,/api/payment,200,454
2026-09-13 02:45:34,WARN,/api/payment,400,254
2026-09-13 02:45:36,INFO,/api/logout,201,252
2026-09-13 02:45:38,WARN,/api/login,400,528
2026-09-13 02:45:40,INFO,/api/payment,200,412
2026-09-13 02:45:42,WARN,/api/login,400,556
2026-09-13 02:45:44,WARN,/api/cart,400,488
2026-09-13 02:45:46,INFO,/api/payment,200,363
2026-09-13 02:45:48,WARN,/api/login,400,562
2026-09-13 02:45:50,ERROR,/api/login,500,66
2026-09-13 02:45:52,INFO,/api/cart,200,176
2026-09-13 02:45:54,INFO,/api/payment,200,97
2026-09-13 02:45:56,WARN,/api/products,400,415
2026-09-13 02:45:58,ERROR,/api/payment,500,352
2026-09-13 02:46:00,WARN,/api/cart,400,234
2026-09-13 02:46:02,INFO,/api/cart,200,453
2026-09-13 02:46:04,INFO,/api/logout,200,203
2026-09-13 02:46:06,ERROR,/api/payment,500,417
2026-09-13 02:46:08,INFO,/api/products,200,226
2026-09-13 02:46:10,INFO,/api/login,201,372
2026-09-13 02:46:12,INFO,/api/login,200,501
2026-09-13 02:46:14,ERROR,/api/logout,500,421
2026-09-13 02:46:16,INFO,/api/logout,200,516
2026-09-13 02:46:18,INFO,/api/products,200,303
2026-09-13 02:46:20,ERROR,/api/cart,500,406
2026-09-13 02:46:22,ERROR,/api/cart,500,528
2026-09-13 02:46:24,INFO,/api/cart,200,90
2026-09-13 02:46:26,WARN,/api/products,404,285
2026-09-13 02:46:28,INFO,/api/login,200,473
2026-09-13 02:46:30,WARN,/api/logout,404,308
2026-09-13 02:46:32,INFO,/api/cart,200,533
2026-09-13 02:46:34,INFO,/api/products,201,551
2026-09-13 02:46:36,INFO,/api/logout,200,307
2026-09-13 02:46:38,WARN,/api/products,404,312
